{
  "PRD": 30.35478777065873,
  "PRD_std": 16.728966391122864,
  "PRDN": 34.84993315115571,
  "PRDN_std": 28.84455802436861,
  "WWPRD": 21.65219169232127,
  "WWPRD_std": 9.675023197742004,
  "WWPRD_deriv": 27.101303735747933,
  "WWPRD_deriv_std": 15.971283347469319,
  "SNR_out": 11.451594041804128,
  "SNR_out_std": 4.262421983962824,
  "SNR_in": 5.954890125638485,
  "SNR_improvement": 5.496703916165643,
  "val_loss": 27.027597674201516
}