{
  "train_loss": [
    37.249034933249156,
    31.689972007274626,
    30.649196990331014,
    30.30057776371638,
    29.996132596333823,
    29.76095470190048,
    29.575514928499857,
    29.23780393997828,
    29.30740176041921,
    28.991682529449463,
    29.008289837837218,
    28.976189049084983,
    28.837063670158386,
    28.6589412689209,
    28.514727032184602,
    28.384621365865073,
    28.31421914498011,
    28.26691501935323,
    28.308061718940735,
    28.138944339752197,
    28.011635581652325,
    27.984129273891448,
    27.931484468777974,
    27.727408611774443,
    27.86779119968414,
    27.703135244051616,
    27.658931696414946,
    27.76264679034551,
    27.517082707087198,
    27.50334106286367,
    27.443625358740487,
    27.38890929619471,
    27.47578653494517,
    27.379568004608153,
    27.484903848171236,
    27.39443830649058,
    27.408718252182005,
    27.15163656870524,
    27.1978613893191,
    27.257433287302653,
    27.1779376745224,
    27.147090884049735,
    27.070248885949454,
    26.938698466618856,
    27.038122034072877,
    27.010116759936015,
    27.003936553001402,
    26.853521013259886,
    26.956590990225475,
    26.9928985675176
  ],
  "val_loss": [
    31.857207825604608,
    29.805027075374827,
    30.210159930060893,
    29.624824299531824,
    29.49914436340332,
    29.518695202995747,
    29.211253042782054,
    28.612759960398954,
    28.91185437370749,
    28.635415896247416,
    28.21279889275046,
    27.83062968534582,
    28.77950091642492,
    27.931337513643154,
    27.9054547253777,
    28.05000576692469,
    28.501697338328643,
    27.669136922499714,
    27.73119928696576,
    27.515771394617417,
    27.003685311710132,
    27.477209180944108,
    27.73132463343003,
    27.68712849336512,
    27.354856827679804,
    27.19854269588695,
    27.384532906027403,
    27.062085970710307,
    27.49989033867331,
    27.495602439431583,
    26.811933786728805,
    27.292760736802045,
    27.818512075087604,
    27.84377212524414,
    27.065358173145967,
    27.25747570711024,
    26.943849698235006,
    27.239416728300206,
    26.888880247228286,
    26.545620503145106,
    26.87420113507439,
    26.68063217611874,
    27.356376625509824,
    27.35012763528263,
    26.687219305599438,
    27.490897144990807,
    26.88111504947438,
    26.89190615485696,
    27.160521944831398,
    26.474710419598747
  ],
  "PRD": [
    35.10207845270634,
    31.396919172257185,
    32.71842920035124,
    31.73827213793993,
    32.47626595199108,
    32.49104283750057,
    32.19436001777649,
    32.431907784193754,
    32.21610714122653,
    32.002433482557535,
    30.97278806939721,
    31.012015353888273,
    32.17131828889251,
    30.591197054833174,
    30.499586433172226,
    30.5801804587245,
    31.815510667860508,
    30.971875563263893,
    30.993072096258402,
    31.132956463843584,
    28.98488750681281,
    30.884561385959387,
    31.28819927573204,
    31.859008878469467,
    30.807109657675028,
    29.60069191083312,
    29.712858702987432,
    29.758554205298424,
    29.863923270255327,
    30.998725041747093,
    28.547157131135464,
    29.80576205253601,
    30.475208781659603,
    30.483171571046114,
    30.329367749392986,
    30.36304372549057,
    30.181076742708683,
    32.45778516307473,
    29.537485029548407,
    29.153299748897552,
    29.549719899892807,
    29.907416502013803,
    30.836075447499752,
    31.60874116793275,
    29.626915834844112,
    30.674625527113676,
    29.617773983627558,
    29.041188571602106,
    28.05194354429841,
    31.03583327308297
  ],
  "PRDN": [
    39.96525591984391,
    35.429718259721994,
    37.159312684088945,
    36.04713495075703,
    36.75276352092624,
    36.888103149831295,
    36.66429293900728,
    37.29372948408127,
    36.882711943238974,
    36.18616973236203,
    34.96731325611472,
    35.35344875976443,
    36.82000610232353,
    35.049081932753325,
    34.811537344008684,
    34.76855980977416,
    35.93960479274392,
    34.91856117174029,
    35.051177117973566,
    35.563390370458364,
    32.86784643307328,
    35.08138803765178,
    35.808031778782606,
    35.745378620922565,
    35.297876946628094,
    33.6681493781507,
    33.53960286453366,
    33.874176040291786,
    34.15260394848883,
    35.385010469704866,
    32.45943044498563,
    33.85817527770996,
    34.80523756891489,
    34.24462081864476,
    34.65742227435112,
    34.77280967310071,
    34.29403430968523,
    37.37475123256445,
    33.22705141827464,
    32.93598461523652,
    33.81650738045573,
    34.30803146213293,
    35.64339089766145,
    35.91344530135393,
    33.62304212898016,
    35.04771448299289,
    33.996704418212175,
    33.43536190316081,
    31.919739674776793,
    35.28754663094878
  ],
  "WWPRD": [
    30.99103666679558,
    26.370337073770408,
    27.692540639424145,
    25.67423790896205,
    25.53218626171622,
    25.935984414508262,
    25.026134426690216,
    24.529314360499612,
    25.70607824687894,
    24.777326358510724,
    24.42896246885209,
    23.788304848618953,
    24.048555600196785,
    23.775201547416696,
    23.455128022515048,
    23.58206222143875,
    23.3041401824459,
    23.661363351969932,
    23.110710546659053,
    23.291951043386597,
    23.034944128397143,
    22.722068565523823,
    23.670254588782782,
    22.64873133084486,
    22.544788808970242,
    22.48183819093979,
    22.295723060910554,
    22.64583874854206,
    22.19932729434383,
    22.22634314647108,
    22.31773210884989,
    22.250888958431716,
    22.415425494437617,
    22.669862666130943,
    22.449089039147037,
    22.40577281316694,
    22.590966569328558,
    22.105164242859995,
    22.12423919844815,
    22.03803669530235,
    22.07172507744385,
    22.00355146047589,
    22.174329360914427,
    22.372001431855114,
    22.23828219715726,
    22.63060407131359,
    21.76872886542003,
    21.714712004491822,
    21.55381716090273,
    21.540387241729608
  ],
  "SNR_out": [
    9.750806916039437,
    10.765855777426623,
    10.397344172000885,
    10.74770880676806,
    10.563702624465805,
    10.508182181511074,
    10.723464034381323,
    10.634235276374966,
    10.608777683693916,
    10.707145657623187,
    10.989367274334654,
    11.09964092541486,
    10.738255829608534,
    11.166538138408214,
    11.239571152371354,
    11.17773754071095,
    10.756785420002416,
    10.987119547557086,
    10.999531070236117,
    11.000052979536122,
    11.560554384603165,
    11.099237515823916,
    11.050390343181789,
    10.886741028400138,
    11.111862835474312,
    11.343842382077128,
    11.560167046263814,
    11.357190654147416,
    11.376878133509308,
    11.144128167652525,
    11.735433934722096,
    11.57987237413181,
    11.251067857374437,
    11.217613601591438,
    11.39564853347838,
    11.245666583999991,
    11.430817095562816,
    11.100808296818286,
    11.596456602099352,
    11.51088269520551,
    11.527107237954624,
    11.545419207541272,
    11.383218876551837,
    11.17727960809134,
    11.485746897524223,
    11.157566313631833,
    11.564509812742472,
    11.749864372075535,
    11.879093792580534,
    11.410713933641091
  ],