{
  "PRD": 25.649554958567023,
  "PRD_std": 13.117872544397352,
  "PRDN": 28.63357252627611,
  "PRDN_std": 20.89377309215676,
  "WWPRD": 19.115026641259313,
  "WWPRD_std": 10.640314197612772,
  "WWPRD_deriv": 22.66197595745325,
  "WWPRD_deriv_std": 12.436183253441826,
  "SNR_out": 12.847643938614056,
  "SNR_out_std": 4.215260826716468,
  "SNR_in": 6.152718263067072,
  "SNR_improvement": 6.694925675546983,
  "val_loss": 25.446353823639626
}