{
  "train_loss": [
    41.91587702654218,
    30.792529413536464,
    29.35827722557724,
    28.390877192585908,
    27.72102600216969,
    27.327219982130647,
    26.882681516022604,
    26.582419992839636,
    26.355696201738745,
    26.071321187487484
  ],
  "val_loss": [
    31.980845784906094,
    33.34788889955417,
    29.253988754573125,
    27.823350267457258,
    28.176966653081585,
    26.818853585003634,
    27.107488181203458,
    26.65062385709415,
    26.08658694751157,
    24.75393773534615
  ],
  "PRD": [
    36.570396300405264,
    36.15437509864569,
    32.853560734540224,
    30.559223040938377,
    31.556027125567198,
    29.780516665428877,
    30.10064647719264,
    29.039126116782427,
    28.39038995280862,
    27.788150310516357
  ],
  "PRDN": [
    41.78195624053478,
    41.51508121192455,
    37.52664864063263,
    35.2615728341043,
    36.68498606979847,
    34.21682491898537,
    34.143441282212734,
    32.64591711014509,
    32.02790155261755,
    33.38392956182361
  ],
  "WWPRD": [
    32.987047104392275,
    33.5501573492385,
    28.9035374572226,
    26.384018398676638,
    26.400441063142978,
    25.424589643641546,
    26.080594404397758,
    25.69101389878184,
    24.176369520516843,
    22.75133677191196
  ],
  "SNR_out": [
    9.36437490110984,
    9.455882761743851,
    10.314332498703152,
    11.210862594423816,
    10.904183231759816,
    11.36206819023937,
    11.338259775540791,
    11.543697982095182,
    11.852183159440756,
    12.157464871183038
  ],
  "SNR_in": [
    5.450256345327944,
    6.332092809287133,
    6.238230087541069,
    6.034662904741708,
    5.751033165783156,
    6.513468920136802,
    6.402646918722894,
    6.288896954749362,
    6.496196548221633,
    6.5628627658006735
  ],
  "SNR_improvement": [
    3.914118555781897,
    3.1237899524567183,
    4.076102411162083,
    5.176199689682107,
    5.153150065976661,
    4.848599270102568,
    4.935612856817897,
    5.25480102734582,
    5.355986611219123,
    5.594602105382364
  ]
}