{
  "PRD": 25.722506772726774,
  "PRD_std": 15.165688887306121,
  "PRDN": 28.869254905730486,
  "PRDN_std": 20.473977300350725,
  "WWPRD": 18.67901447294998,
  "WWPRD_std": 9.580283639789776,
  "WWPRD_deriv": 23.022941632196307,
  "WWPRD_deriv_std": 14.319111734873259,
  "SNR_out": 13.014616345521063,
  "SNR_out_std": 4.501918002678928,
  "SNR_in": 5.876137603772804,
  "SNR_improvement": 7.1384787417482585,
  "val_loss": 25.45535846037023
}