{
  "train_loss": [
    50.99354736010233,
    35.96969252824783,
    33.548904991149904,
    32.973715702692665,
    32.10095362663269,
    31.80038615465164,
    31.67536888519923,
    30.941462357838947,
    30.905763125419618,
    30.421962388356526,
    30.406316486994424,
    29.918439920743307,
    29.706593636671702,
    29.53735291560491,
    29.261729848384856,
    29.213379240036012,
    29.095935567220053,
    28.68792206843694,
    28.870530625184376,
    28.318650909264882,
    28.43387026786804,
    28.299209940433503,
    28.06794277826945,
    28.366317184766135,
    27.884123277664184,
    30.138550861676535,
    30.14485297203064,
    29.834396767616273,
    29.520928466320036,
    29.551607580979667,
    28.889142231146494,
    29.05383933385213,
    28.97005801598231,
    28.708945461114247,
    28.567618199189504,
    28.32746635278066,
    28.25657796462377,
    27.948918600877125,
    28.032710194587708,
    27.810925908883412,
    27.616001335779824,
    27.477843594551086,
    27.409770278135934,
    27.37515597740809,
    27.27899691661199,
    27.142529733975728,
    26.75308965841929,
    26.762181210517884,
    26.56313919623693,
    26.480408064524333,
    26.496127875645957,
    26.133541862169903,
    26.357292370001474,
    26.15603969494502,
    26.044117256005606,
    25.830410353342693,
    25.688732612133027,
    25.63241115808487,
    25.628658962249755,
    25.405486579736074,
    25.429147895177206,
    25.17213962674141,
    25.177928920586904,
    25.044036865234375,
    25.118880053361256,
    24.869455536206562
  ],
  "val_loss": [
    38.83276082207175,
    36.314134799732884,
    36.79684766881606,
    34.10991969389074,
    34.162995327220244,
    38.41518204632927,
    31.228024247113396,
    34.32497830110438,
    34.151200956456805,
    48.50757073795094,
    34.69420116648954,
    37.49951526417452,
    29.30304785335765,
    34.18481674194336,
    29.950639141307157,
    30.364885016048657,
    31.729418877994313,
    29.471938436171587,
    29.018114897784066,
    30.11184932484346,
    30.366221663531135,
    28.206953677009135,
    32.88797627617331,
    27.67279416252585,
    27.867788673849667,
    30.283390965181237,
    29.877338723575367,
    29.537351406321807,
    29.32737767836627,
    28.98306034312529,
    28.9678716098561,
    29.765776533239027,
    29.404342494291416,
    28.10521042767693,
    28.57791285795324,
    29.180237040800208,
    27.863312440759994,
    28.173974945965934,
    27.816876377778893,
    27.677902019725128,
    27.83478155697093,
    27.12173594306497,
    28.61900318370146,
    27.319744042789235,
    27.13619799894445,
    26.901528212603402,
    27.443199090396657,
    26.959008183198815,
    26.628137386546417,
    27.385601178337545,
    27.04754086662741,
    26.93951436211081,
    26.992992244047276,
    25.890208345301012,
    26.289965057373045,
    26.07555081984576,
    26.21283836364746,
    25.918295445161707,
    26.3770559647504,
    25.807891060324277,
    26.0419350567986,
    25.492913975435144,
    26.055691640517292,
    25.87209104650161,
    26.12206526363597,
    25.228140572940603
  ],
  "PRD": [
    36.49872786924243,
    35.178247194737196,
    39.466017950326204,
    32.58265311270952,
    36.010379668325186,
    37.73787149786949,
    29.894224524497986,
    34.71840810403228,
    32.89763596281409,
    63.378363544121385,
    30.154980894178152,
    33.50686387717724,
    29.039976067841053,
    31.02662004902959,
    29.412210442125797,
    29.851227950304747,
    33.00133714824915,
    28.806212443858385,
    28.922832073643804,
    30.744251621887088,
    29.020437996834517,
    26.31088724732399,
    32.82340629771352,
    26.67769994214177,
    27.56553092971444,
    28.87894855067134,
    29.142041143029928,
    29.60699627175927,
    28.78016274422407,
    28.540681513026357,
    28.237763464450836,
    28.62315635383129,
    30.869285818189383,
    27.270622491836548,
    27.693672804161906,
    28.406012814491987,
    26.22283356823027,
    27.44279143959284,
    27.47851450741291,
    26.715479830279946,
    27.317696023732424,
    25.550570607185364,
    29.56868440285325,
    26.20871325209737,
    27.107091531157494,
    25.350160382688046,
    26.73785343579948,
    27.688178000971675,
    26.49338675290346,
    26.811751272529364,
    26.651537403464317,
    25.858840722590685,
    25.632026685401797,
    25.575371496379375,
    25.118211461231112,
    25.602480590343475,
    25.03380862623453,
    26.456309895962477,
    25.983464125543833,
    25.568799376487732,
    25.357506627216935,
    25.458998277783394,
    25.38624988682568,
    25.665620770305395,
    25.375039691105485,
    25.16086716018617
  ],
  "PRDN": [
    41.32062738761306,
    39.62824646010995,
    47.24521352723241,
    37.695053961127996,
    48.6756553389132,
    43.621192809194326,
    35.33239544928074,
    39.29681384190917,
    37.30067716911435,
    90.52094255946577,
    34.74125877022743,
    38.22145641595125,
    33.42533306404948,
    35.706697802990675,
    33.748977191746235,
    33.75738564506173,
    38.38546225428581,
    32.39822452142835,
    33.59251525811851,
    34.2159422878176,
    32.90109625458717,
    29.849881671369076,
    36.956464506685734,
    30.00115294381976,
    32.18524758145213,
    34.015686228871346,
    32.92339976504445,
    34.0084983445704,
    33.64949269965291,
    32.43590507097542,
    31.776230417191982,
    32.691425517201424,
    35.26189720630646,
    31.173253871500492,
    31.575105223804712,
    32.18098924681544,
    29.27822646126151,
    30.78778150305152,
    31.179815031588078,
    29.983560044318438,
    30.89408690109849,
    28.82896551117301,
    33.93002041056752,
    29.454246379435062,
    30.701412465423346,
    28.644681869074702,
    30.071662927046418,
    31.665540838614106,
    29.759114660322666,
    30.53844610787928,
    29.668085040524602,
    29.010563543066382,
    28.746119510382414,
    28.38168914616108,
    28.1228168271482,
    28.63221308030188,
    28.127226239070296,
    29.932593025267124,
    30.197873037308455,
    28.488073881715536,
    28.850879050791264,
    28.569629434496164,
    28.975623620674014,
    29.25045453198254,
    28.672889405861497,
    28.620452251285315
  ],
  "WWPRD": [
    34.06054747779616,
    33.742928374159575,
    38.41543754861572,
    31.2640995301933,
    35.23581862937674,
    34.698159799046564,
    29.57108286260993,
    30.12105803525438,
    26.28997247491152,
    51.88751865747131,
    26.890044028098295,
    32.04318063834198,
    23.04846882392492,
    24.74360663741234,
    22.691733708146636,
    24.70331670635456,
    26.751673392034434,
    24.891271879195713,
    26.737088847490114,
    22.73052700114223,
    23.389943801101968,
    21.28577689942476,
    28.503726175078864,
    21.74523051277437,
    20.25933224724696,
    23.162948739895214,
    22.411480085167838,
    22.794359687257945,
    22.31507841889774,
    22.000009268571606,
    21.907644468796995,
    22.014284751271234,
    22.496442193655394,
    20.95936270080263,
    21.520987355994492,
    22.029534422988135,
    21.105245637485282,
    20.838399892561,
    21.164081959504813,
    20.504996698694484,
    20.935742555793897,
    20.210123643544726,
    20.78804032815012,
    20.066089781931154,
    20.00134268485907,
    19.97751506337814,
    20.647073233336968,
    20.360744908683884,
    20.082622142921593,
    19.68469266674893,
    19.54223138070661,
    19.760281460110846,
    19.114269422098104,
    19.385806473477604,
    19.399731889080446,
    19.628109908004717,
    18.800362199101592,
    19.290459018788674,
    19.17928033677584,
    19.090054037264885,
    19.2119552306108,
    19.019955736936904,
    19.03955899855152,
    18.414196898824812,
    18.698523698920265,
    18.27838507886068
  ],