{
  "PRD": 29.864730931818485,
  "PRD_std": 14.642572853762397,
  "PRDN": 34.06853237375617,
  "PRDN_std": 24.508392184796215,
  "WWPRD": 24.56584470482609,
  "WWPRD_std": 14.38688312888093,
  "WWPRD_deriv": 26.78515975549817,
  "WWPRD_deriv_std": 14.257346790358929,
  "SNR_out": 11.372480073943734,
  "SNR_out_std": 3.796870791402582,
  "SNR_in": 6.200239218305796,
  "SNR_improvement": 5.172240855637938,
  "val_loss": 26.438270813138615
}