{
  "16": {
    "PRD": 36.19755489158631,
    "PRD_std": 17.784134242506838,
    "PRDN": 38.252453256607055,
    "PRDN_std": 22.128306532566885,
    "WWPRD": 32.234098686906634,
    "WWPRD_std": 18.669578890413014,
    "SNR_in": 6.2957059889882805,
    "SNR_out": 9.647136084496974,
    "SNR_improvement": 3.351430095508695,
    "quantization_bits": 4,
    "actual_cr": 22.0,
    "latent_dim": 2
  },
  "20": {
    "PRD": 37.03782171630859,
    "PRD_std": 21.64264640411246,
    "PRDN": 39.193955938339236,
    "PRDN_std": 25.606682812437374,
    "WWPRD": 32.20433052230286,
    "WWPRD_std": 18.1279973660057,
    "SNR_in": 6.082271065009758,
    "SNR_out": 9.540357807159424,
    "SNR_improvement": 3.458086742149666,
    "quantization_bits": 4,
    "actual_cr": 22.0,
    "latent_dim": 2
  },
  "24": {
    "PRD": 36.84691993713379,
    "PRD_std": 20.194931880611055,
    "PRDN": 38.79160444259644,
    "PRDN_std": 22.77087233816729,
    "WWPRD": 32.20035023544467,
    "WWPRD_std": 18.017535227822275,
    "SNR_in": 6.100382071711123,
    "SNR_out": 9.51490069065988,
    "SNR_improvement": 3.4145186189487577,
    "quantization_bits": 4,
    "actual_cr": 22.0,
    "latent_dim": 2
  },
  "32": {
    "PRD": 36.484263814926145,
    "PRD_std": 17.14902730186557,
    "PRDN": 38.47456995201111,
    "PRDN_std": 20.301360974196847,
    "WWPRD": 32.24004374226562,
    "WWPRD_std": 17.775948503868904,
    "SNR_in": 6.220197893887758,
    "SNR_out": 9.54498752053082,
    "SNR_improvement": 3.3247896266430614,
    "quantization_bits": 4,
    "actual_cr": 22.0,
    "latent_dim": 2
  }
}