{
  "train_loss": [
    45.04973601500193,
    31.956589066982268,
    29.9708114027977,
    29.018824768066406,
    28.35332086086273,
    27.888782771428428,
    27.709438554445903,
    27.543291934331258,
    26.982168837388357,
    26.985447494188943,
    26.693992547194163,
    26.56721900701523,
    26.33058611949285,
    26.042897681395214,
    25.847036004066467,
    25.927366280555724,
    25.47886462608973,
    25.572642453511556,
    25.28923343817393,
    25.296248579025267,
    25.20059753259023,
    24.969235797723133,
    24.904203196366627,
    24.725735286871593,
    24.726530607541402
  ],
  "val_loss": [
    32.297675749834845,
    32.254201597325945,
    29.011215277279124,
    28.49005656522863,
    28.197420860739314,
    29.150929372450886,
    28.402980894200944,
    28.97329121757956,
    26.53926811218262,
    26.793411165125228,
    26.51928643619313,
    25.98149075227625,
    25.8493818619672,
    25.471751875035903,
    25.42451921350816,
    26.02848129272461,
    25.274702476052678,
    25.586418959673715,
    25.10333263172823,
    24.99496228835162,
    24.65545737322639,
    24.914999726239373,
    24.3070764429429,
    25.211864740708297,
    24.89100077012006
  ],
  "PRD": [
    34.872590988874435,
    35.20625415816903,
    32.23910944163799,
    32.206819739192724,
    31.361174155026674,
    32.48733665049076,
    31.167117908596992,
    31.73770198598504,
    29.09747873991728,
    29.822841860353947,
    29.83441985026002,
    29.607863001525402,
    29.09210366383195,
    28.41130319610238,
    27.504395777359605,
    28.36873645335436,
    27.408623326569796,
    28.114879306405783,
    29.35729878768325,
    26.483708813786507,
    28.145955899730325,
    27.374943168833852,
    26.429262779653072,
    27.318828642368317,
    27.1574555169791
  ],
  "PRDN": [
    39.77310359477997,
    39.757553566247225,
    37.013719007372856,
    36.632971458137035,
    35.68184931948781,
    36.58609975874424,
    35.57287809997797,
    35.59063724800944,
    33.23960730805993,
    34.204371340572834,
    34.05759072676301,
    33.88678942993283,
    33.34023830294609,
    32.61947552114725,
    31.185315176844597,
    32.219128757715225,
    31.74039624258876,
    32.43575910292566,
    32.98227328620851,
    29.767829727381468,
    32.581734988838434,
    30.99465444125235,
    29.831219246611,
    30.76884336769581,
    30.78380169905722
  ],
  "WWPRD": [
    33.157477785237774,
    31.631977020877407,
    26.5422950909105,
    25.9437069582141,
    25.084135532630395,
    27.070288201581945,
    24.90430885827581,
    25.509697099523585,
    24.179859910111677,
    23.364578174953724,
    23.240328122829816,
    22.504308537644178,
    22.71132105698739,
    22.17214910861781,
    22.299339239117906,
    22.95001588248116,
    22.067190987734524,
    22.375432582990847,
    21.746190470149262,
    21.797848514870374,
    21.302295736357372,
    21.755955333196695,
    21.34128074463337,
    21.39669374852129,
    21.2006303613992
  ],
  "SNR_out": [
    9.842673626262695,
    9.693432785687037,
    10.649016053415835,
    10.639752828050405,
    10.90313022036571,
    10.560512269847095,
    10.900381869170815,
    11.311536682595033,
    11.627426780169117,
    11.4184974231066,
    11.447581909131259,
    11.545442146481946,
    11.703241479583085,
    12.037464859175088,
    12.218995281029493,
    11.885611079342198,
    12.204320703516714,
    11.99946358546731,
    11.857497750141192,
    12.503264645114541,
    12.107454801327549,
    12.15401613956783,
    12.441635350696743,
    12.057849564123899,
    12.337442360178102
  ],
  "SNR_in": [
    6.287976474268362,
    6.492055506507313,
    6.4561452912166715,
    6.1349234089502716,
    6.1698088111006655,
    6.524894313770346,
    5.976068686024519,
    6.367011423222721,
    6.587738727685064,
    6.033637899439782,
    6.248736170298798,
    5.757191799697466,
    5.780881884566043,
    5.925106608228816,
    6.183772768941708,
    6.102404959165142,
    6.678547177114524,
    5.988571203401079,
    5.996229504344228,
    6.010348831419833,
    6.10369101496326,
    6.531723129810416,
    6.378905319827027,
    6.187180866516428,
    5.557312380085932
  ],
  "SNR_improvement": [
    3.5546971519943327,
    3.2013772791797237,
    4.192870762199163,
    4.504829419100133,
    4.733321409265045,
    4.035617956076749,
    4.924313183146296,
    4.944525259372313,
    5.039688052484053,
    5.384859523666819,
    5.1988457388324605,
    5.78825034678448,
    5.922359595017042,
    6.112358250946272,
    6.035222512087785,
    5.783206120177056,
    5.52577352640219,
    6.010892382066231,
    5.861268245796964,
    6.492915813694708,
    6.0037637863642885,
    5.6222930097574135,
    6.062730030869716,
    5.870668697607471,
    6.78012998009217
  ]
}