{
  "PRD": 30.652042999863625,
  "PRD_std": 13.843243594412037,
  "PRDN": 34.22613785043359,
  "PRDN_std": 23.612521570384718,
  "WWPRD": 27.035369055319617,
  "WWPRD_std": 11.771207420010121,
  "WWPRD_deriv": 27.434176672250032,
  "WWPRD_deriv_std": 13.389061674515231,
  "SNR_out": 11.063676435034722,
  "SNR_out_std": 3.6579754083923226,
  "SNR_in": 6.225484609080013,
  "SNR_improvement": 4.838191825954709,
  "val_loss": 26.624647584072378
}