{
  "4": {
    "PRD": 48.486295734405516,
    "PRD_std": 15.40177593150312,
    "PRDN": 55.58029056549072,
    "PRDN_std": 27.49902763138903,
    "WWPRD": 47.38092638883421,
    "WWPRD_std": 17.409040237472073,
    "SNR_in": 6.318539678577333,
    "SNR_out": 6.7153731771111485,
    "SNR_improvement": 0.39683349853381517,
    "quantization_bits": 4,
    "actual_cr": 11.0,
    "latent_dim": 4
  },
  "8": {
    "PRD": 48.72627032470703,
    "PRD_std": 16.61594216201696,
    "PRDN": 55.382855129241946,
    "PRDN_std": 25.68602496991687,
    "WWPRD": 47.463307918063045,
    "WWPRD_std": 17.271802046473226,
    "SNR_in": 6.391049402698875,
    "SNR_out": 6.689740599155426,
    "SNR_improvement": 0.29869119645655157,
    "quantization_bits": 4,
    "actual_cr": 11.0,
    "latent_dim": 4
  },
  "16": {
    "PRD": 48.638713066101076,
    "PRD_std": 15.816589472666319,
    "PRDN": 55.59610346603394,
    "PRDN_std": 28.191546079508413,
    "WWPRD": 47.21234356205873,
    "WWPRD_std": 16.861727691016284,
    "SNR_in": 6.110341400060802,
    "SNR_out": 6.686554530143738,
    "SNR_improvement": 0.5762131300829351,
    "quantization_bits": 4,
    "actual_cr": 11.0,
    "latent_dim": 4
  },
  "32": {
    "PRD": 49.03734538269043,
    "PRD_std": 17.62629936543916,
    "PRDN": 56.719650005340576,
    "PRDN_std": 36.707435985619234,
    "WWPRD": 47.3163786756027,
    "WWPRD_std": 16.937892650546942,
    "SNR_in": 6.152218351650983,
    "SNR_out": 6.680572925917804,
    "SNR_improvement": 0.5283545742668212,
    "quantization_bits": 4,
    "actual_cr": 11.0,
    "latent_dim": 4
  }
}