{
  "train_loss": [
    39.749079298973086,
    31.241657002766928,
    29.193138233820598,
    28.343792549769084,
    27.573375177383422
  ],
  "val_loss": [
    30.693500297014104,
    29.52643110585767,
    28.23634444835574,
    27.355675763862077,
    26.783122173575467
  ],
  "PRD": [
    34.66052982583642,
    34.18244371190667,
    32.091800920665264,
    30.923823937773705,
    31.297469545155764
  ],
  "PRDN": [
    38.80845112353563,
    38.07483523339033,
    35.83114881068468,
    34.51657800748944,
    35.226331029087305
  ],
  "WWPRD": [
    35.447128648184126,
    31.875884621565383,
    31.241873313500854,
    28.369503935573746,
    27.319033426852037
  ],
  "SNR_out": [
    9.848550324793905,
    9.919564112555236,
    10.59298817825038,
    10.942411647876725,
    10.918190940050408
  ],
  "SNR_in": [
    6.444224031307385,
    5.933449024043512,
    6.576201039853913,
    6.24341097361139,
    5.7285042000730755
  ],
  "SNR_improvement": [
    3.4043262934865197,
    3.986115088511724,
    4.016787138396467,
    4.699000674265335,
    5.189686739977333
  ]
}