{
  "4": {
    "PRD": 61.09090835571289,
    "PRD_std": 34.49060716887928,
    "PRDN": 70.69284257888793,
    "PRDN_std": 43.35194696519983,
    "WWPRD": 52.072741413626964,
    "WWPRD_std": 27.119478708169424,
    "SNR_in": 6.247572492510081,
    "SNR_out": 5.405178532004356,
    "SNR_improvement": -0.8423939605057239,
    "quantization_bits": 4,
    "actual_cr": 22.0,
    "latent_dim": 2
  },
  "8": {
    "PRD": 61.6631160736084,
    "PRD_std": 33.989883966236256,
    "PRDN": 71.53108514785767,
    "PRDN_std": 42.96781241747938,
    "WWPRD": 53.2629802690002,
    "WWPRD_std": 30.292759925595377,
    "SNR_in": 5.5097793345712125,
    "SNR_out": 5.313014370799064,
    "SNR_improvement": -0.1967649637721479,
    "quantization_bits": 4,
    "actual_cr": 22.0,
    "latent_dim": 2
  },
  "16": {
    "PRD": 59.18936779022217,
    "PRD_std": 31.633259565995353,
    "PRDN": 68.98541206359863,
    "PRDN_std": 41.54167866834415,
    "WWPRD": 51.95074392967606,
    "WWPRD_std": 26.96480166635617,
    "SNR_in": 6.564089569747448,
    "SNR_out": 5.618526140674948,
    "SNR_improvement": -0.9455634290724992,
    "quantization_bits": 4,
    "actual_cr": 22.0,
    "latent_dim": 2
  },
  "32": {
    "PRD": 61.73147336959839,
    "PRD_std": 30.95514116963249,
    "PRDN": 71.91394609451294,
    "PRDN_std": 41.27141533212488,
    "WWPRD": 52.48854819174176,
    "WWPRD_std": 28.19882840685675,
    "SNR_in": 5.57966142270714,
    "SNR_out": 5.190067840805277,
    "SNR_improvement": -0.3895935819018632,
    "quantization_bits": 4,
    "actual_cr": 22.0,
    "latent_dim": 2
  }
}