{
  "PRD": 24.734714476391673,
  "PRD_std": 13.650347646099538,
  "PRDN": 28.08896796964109,
  "PRDN_std": 25.893804459237767,
  "WWPRD": 21.299195879400855,
  "WWPRD_std": 11.465115222487114,
  "WWPRD_deriv": 22.176335219293833,
  "WWPRD_deriv_std": 13.354694435273263,
  "SNR_out": 13.183079088106751,
  "SNR_out_std": 4.182648459097505,
  "SNR_in": 6.166618050105171,
  "SNR_improvement": 7.01646103800158,
  "val_loss": 21.87632494194563
}