{
  "vp_model": {
    "clean_validation": {
      "PRD": 24.734714476391673,
      "WWPRD": 21.299195879400855
    },
    "post_quantization": {
      "PRD": 59.18936779022217,
      "WWPRD": 51.95074392967606,
      "CR": 22.0,
      "QS": 37.16883761619482
    }
  },
  "baseline": {
    "post_quantization": {
      "PRD": 36.19755489158631,
      "WWPRD": 32.234098686906634,
      "CR": 22.0,
      "QS": 60.77758585045654
    }
  }
}