{
  "train_loss": [
    62.87091930707296,
    33.75276107788086,
    30.679891562461854,
    29.388423045476276,
    28.379505809148153,
    27.718266216913857,
    27.095020421346028,
    26.61652753353119,
    26.156213744481406,
    25.638955307006835,
    25.283722917238872,
    24.869335333506267,
    24.536343916257223,
    24.37303137779236,
    23.95200047492981,
    23.56638793150584,
    23.341001113255818,
    23.10789163907369,
    23.0052005370458,
    22.75245447953542
  ],
  "val_loss": [
    34.932645176732265,
    29.28401871614678,
    28.89842969317769,
    27.354410925576854,
    28.463005110274914,
    27.382262740024302,
    27.218629925750022,
    24.971525192260742,
    24.688588829927667,
    23.806285592012628,
    24.441789538361306,
    24.147943008777705,
    23.894100810206215,
    23.254845375238464,
    22.912867923115574,
    22.475371516028115,
    22.681212048197903,
    22.27377771776776,
    21.74933721852857,
    22.066147427226223
  ],
  "PRD": [
    38.319964587688446,
    32.91796160116792,
    32.571944795548916,
    30.950732231140137,
    32.191156808286905,
    29.638759523630142,
    29.808402754366398,
    28.032559975981712,
    28.13856152072549,
    27.508582334965467,
    27.35648924857378,
    28.147305190563202,
    27.776231104508042,
    28.077785164117813,
    26.381782300770283,
    25.91956615820527,
    26.2988085411489,
    25.653442602604628,
    24.42410819604993,
    24.846127841621637
  ],
  "PRDN": [
    42.40357582271099,
    36.60503664985299,
    36.177195094525814,
    34.76706561818719,
    36.49276465922594,
    33.061180245131254,
    33.1553500816226,
    31.485300548374653,
    31.61111466959119,
    30.92375286668539,
    30.527783311903477,
    31.62475072219968,
    31.47527913376689,
    32.00124545395374,
    29.492859575897455,
    28.842656765133142,
    29.673471376299858,
    28.99072681553662,
    27.49271354265511,
    27.97187920100987
  ],
  "WWPRD": [
    43.265400638371645,
    33.33734880571612,
    31.418460384745508,
    29.351609156707116,
    29.665457052100518,
    27.6154623530137,
    27.35546233525287,
    25.098727404539844,
    25.38745262881043,
    23.86287707185972,
    24.607139814650413,
    23.68656973842478,
    23.264288280409236,
    22.641698867939468,
    22.485701895987084,
    21.93420337615011,
    22.042832841492245,
    21.691256205419844,
    21.39792813588662,
    20.99738644549288
  ],
  "SNR_out": [
    8.818571617361158,
    10.259966644691303,
    10.375109403161332,
    10.987421897239983,
    10.697606487898156,
    11.26887959195301,
    11.166828162502497,
    11.983203672789386,
    11.869173555169255,
    12.227254032623023,
    12.148085086606443,
    12.063945592031814,
    12.182325438596308,
    12.244446791592054,
    12.55214633885771,
    12.952406137250364,
    12.693345684790984,
    12.932497030124068,
    13.260799122042954,
    13.18957750685513
  ],
  "SNR_in": [
    5.9582838773785625,
    6.12761034326104,
    5.494018806901295,
    6.428282830456737,
    6.098423215415096,
    6.711136903260922,
    6.472736846248154,
    6.280817619677691,
    6.2369128879508935,
    6.244072434350528,
    5.950062431889819,
    6.124277089846146,
    6.35554559918819,
    5.94084414691315,
    6.238372516876552,
    6.167732117231935,
    6.191843052345575,
    6.521529909950914,
    6.4725232800410595,
    6.80221894805436
  ],
  "SNR_improvement": [
    2.8602877399825957,
    4.132356301430264,
    4.881090596260037,
    4.559139066783246,
    4.59918327248306,
    4.5577426886920875,
    4.694091316254344,
    5.702386053111695,
    5.632260667218361,
    5.983181598272495,
    6.198022654716624,
    5.939668502185668,
    5.826779839408118,
    6.303602644678904,
    6.313773821981158,
    6.784674020018429,
    6.501502632445408,
    6.410967120173154,
    6.7882758420018945,
    6.38735855880077
  ]
}