{
  "PRD": 27.219620555639267,
  "PRD_std": 13.296062461258668,
  "PRDN": 30.599199686199427,
  "PRDN_std": 23.668599220512508,
  "WWPRD": 21.31642088105218,
  "WWPRD_std": 10.976179675555533,
  "WWPRD_deriv": 24.1289542876184,
  "WWPRD_deriv_std": 12.819374813110965,
  "SNR_out": 12.191904962179251,
  "SNR_out_std": 3.8607013072299914,
  "SNR_in": 5.6378832178525045,
  "SNR_improvement": 6.554021744326747,
  "val_loss": 23.27962374132733
}