{
  "train_loss": [
    37.46845564842224,
    29.94978494644165,
    28.865272696812948,
    28.32143619855245,
    27.80390232404073,
    27.27888483206431,
    27.22187925974528,
    26.831938982009888,
    26.985057695706686,
    26.607284355163575,
    26.42169238726298,
    26.41856785615285,
    26.460372153917948,
    26.18740530014038,
    26.072028477986652,
    26.08104604880015,
    26.146320192019143,
    25.78074545065562,
    25.84594698746999,
    25.71265632311503,
    25.805842526753743,
    25.648400251070658,
    25.611171015103658,
    25.52950159708659,
    25.36223712762197,
    25.51978217760722,
    25.483048780759177,
    25.302027837435404,
    25.10640397866567,
    25.13635003566742,
    25.14608885447184,
    25.089962061246236,
    25.246554867426553,
    25.082147431373595,
    24.956018964449566,
    25.13230392138163,
    24.930371832847595,
    24.960813808441163,
    24.891676966349284,
    24.842747577031453,
    24.784863511721294,
    24.71441232363383,
    24.6610843261083,
    24.741959547996522,
    24.569771798451743,
    24.683001931508382,
    24.52814652919769,
    24.532014417648316,
    24.652331352233887,
    24.317422143618266,
    24.364905826250713,
    24.43265789349874,
    24.252779455979667,
    24.33581606547038,
    24.3911483446757,
    24.243604771296184,
    24.32710702419281,
    24.237705667813618,
    24.076917401949565,
    24.098272434870402,
    24.009210244814554,
    24.267585603396096,
    24.036256949106853,
    23.933485349019367,
    24.010962867736815,
    24.137057256698608,
    24.03359372615814,
    24.13244599501292,
    23.903544608751933,
    24.034204681714375,
    24.083382487297058,
    23.722080715497334,
    23.83905896345774,
    23.858257095019024,
    23.950883428255718,
    23.824305431048074,
    23.772235131263734,
    23.657129096984864,
    23.542213463783263,
    23.603870836893716,
    23.621998246510824,
    23.854264775911968,
    23.708704606691995,
    23.758437569936117,
    23.633374540011086,
    23.493206199010213,
    23.785335954030355,
    23.661284836133323,
    23.57254413763682,
    23.68190166155497,
    23.538096618652343,
    23.518658995628357,
    23.51086324850718,
    23.52816704909007,
    23.541812380154926,
    23.59770206610362,
    23.592383893330894,
    23.68789200782776,
    23.593352278073628,
    23.57017747561137
  ],
  "val_loss": [
    29.97371150172034,
    27.527219772338867,
    26.804820082908453,
    26.801246643066406,
    27.13843301285145,
    26.41991273746934,
    26.324486665947493,
    26.56306714789812,
    26.43504218168037,
    25.63390798346941,
    25.909044753673466,
    26.262716958689136,
    25.923841343369595,
    25.1248660863832,
    25.973403220952942,
    25.51973085625227,
    24.86395183829374,
    25.61541579490484,
    25.52464010549146,
    25.184970545214277,
    25.31114414126374,
    25.144625064938566,
    24.92776782013649,
    25.472535111183344,
    25.44155395862668,
    25.185744529546692,
    24.473853976227517,
    25.189926591030385,
    24.4649100636327,
    24.97186656330907,
    24.9726053282272,
    24.506585010262423,
    25.35434842664142,
    24.71291626331418,
    24.553942569466525,
    24.351968632187955,
    24.679581531258517,
    24.412285250286722,
    24.112992087075877,
    25.04240133596021,
    24.46402753785599,
    24.60951516794604,
    24.267025082610374,
    24.683435395706532,
    24.75725475577421,
    23.87008134708848,
    24.50311611973962,
    24.143835466961526,
    24.38648356947788,
    24.206740845081416,
    24.4663428373115,
    23.94665447501249,
    24.144193383150323,
    24.65284125749455,
    24.15173100316247,
    24.047764489817066,
    23.90891851380814,
    23.915926157042037,
    24.191307910653048,
    23.9238641428393,
    24.360852174980696,
    23.67440844691077,
    24.057869800301486,
    23.747539742048396,
    24.10382239763127,
    23.972112877424372,
    23.330592798632246,
    23.442374783892966,
    23.867833470189293,
    23.905311273974043,
    23.571591931720114,
    23.546873447506925,
    23.89050740973894,
    23.407728416975154,
    23.78461536141329,
    23.866325422774914,
    23.519090297610262,
    23.606944949127907,
    23.743323392646257,
    23.137830068898754,
    23.59613360915073,
    23.72627954704817,
    23.756236719530683,
    23.62045194936353,
    23.400846303895463,
    23.8074033426684,
    23.30449938219647,
    23.72504549248274,
    23.082134779109513,
    23.218266243158386,
    23.481875353081282,
    23.325192562369413,
    23.577977468801098,
    23.39158723520678,
    23.60988337494606,
    23.189558428387308,
    23.75204321395519,
    23.444429974223294,
    23.954655492028525,
    23.549001516297807
  ],
  "PRD": [
    34.23253410309553,
    31.619227577000856,
    31.079165663570166,
    31.094235111027956,
    31.544354006648064,
    29.967421799898148,
    29.782705571502447,
    31.776330828666687,
    30.541467376053333,
    29.035163331776857,
    30.229512240737677,
    30.357489623129368,
    29.585214089602232,
    29.91089428588748,
    29.935297410935163,
    29.685736283659935,
    29.546200543642044,
    28.930159758776426,
    29.01419013366103,
    29.25498166307807,
    29.97341850027442,
    28.438128098845482,
    28.760558765381575,
    29.52333439514041,
    29.030643817037344,
    28.84481792896986,
    28.400099880993366,
    28.811269637197256,
    28.193651780486107,
    29.29243541508913,
    28.6819479316473,
    29.111343894153833,
    28.3412643969059,
    28.054214473813772,
    27.858326520770788,
    27.705779273062944,
    28.432940926402807,
    28.618558205664158,
    29.35474307835102,
    29.870724491775036,
    28.598611567169428,
    27.941613893955946,
    28.737673725932837,
    28.490999303758144,
    28.88953086361289,
    27.81847431883216,
    28.198781743645668,
    27.409096274524927,
    27.186634238809347,
    27.923148933798075,
    28.668752137571573,
    27.663490295410156,
    27.11640352755785,
    28.082776550203562,
    27.870768297463655,
    27.791049661114812,
    27.630951784551144,
    27.36791008338332,
    28.338608238846064,
    28.20107351988554,
    28.868162982165813,
    27.089022655040026,
    28.580485247075558,
    27.893639471381903,
    28.439917653799057,
    27.076846312731504,
    26.97213914617896,
    26.10149197280407,
    27.470480240881443,
    27.887519121170044,
    27.474621990695596,
    27.186115141958,
    27.02631175145507,
    27.677902203053236,
    27.216432612389326,
    28.267409536987543,
    27.096170008182526,
    27.142214519903064,
    27.16119683533907,
    26.475309217348695,
    26.897253779694438,
    28.740771118551493,
    27.80001555941999,
    27.84236951172352,
    28.375107314437628,
    27.45864848792553,
    26.376449637115,
    27.50107378140092,
    27.453061118721962,
    27.109687373042107,
    27.029549304395914,
    27.433576744049788,
    27.300136413425207,
    26.90759279206395,
    27.535234678536654,
    26.74191063642502,
    27.218505296856165,
    27.298727560788393,
    26.779907781630754,
    27.948755543679
  ],