{
  "PRD": 31.19659946858883,
  "PRD_std": 18.3670325356827,
  "PRDN": 35.365132085978985,
  "PRDN_std": 27.12779811981493,
  "WWPRD": 21.94941752032883,
  "WWPRD_std": 9.850105891853236,
  "WWPRD_deriv": 27.831913217902184,
  "WWPRD_deriv_std": 17.95472031626186,
  "SNR_out": 11.139314926229417,
  "SNR_out_std": 4.004106920042875,
  "SNR_in": 5.635875078558456,
  "SNR_improvement": 5.503439847670961,
  "val_loss": 27.209907778571633
}