{
  "train_loss": [
    26.949699012438455,
    26.930904956658683,
    26.985114828745523,
    27.103028031190238,
    27.099819564819335,
    27.084916309515634,
    27.024958872795104,
    26.970722675323486,
    26.86800814072291,
    26.906963610649107,
    27.15741717815399,
    27.07411767244339,
    27.124182216326396,
    27.15867709716161,
    27.2804723461469,
    27.132397246360778,
    27.06205151875814,
    27.26417888800303,
    27.156512359778088,
    27.2524653951327,
    27.171976681550344,
    27.25813293059667,
    27.41227281888326,
    27.2896981994311,
    27.48473692337672,
    27.39031416575114,
    27.492182060082754,
    27.40949076016744,
    27.30593783855438,
    27.48836005926132,
    27.499683638413746,
    27.472336105505626,
    27.38907820781072,
    27.424735379219054,
    27.558353352546693,
    27.4214692513148,
    27.292712310949963,
    27.491484228769938,
    27.366331986586253,
    27.41578150987625,
    27.338458132743835,
    27.385399429003396,
    27.3614053050677,
    27.3854798078537,
    27.39143127600352,
    27.179535035292307,
    27.453156781196594,
    27.366142896811166,
    27.22107295592626,
    27.25861752430598,
    27.066421687602997,
    26.81176485220591,
    27.01894403298696,
    26.990349237124125,
    27.09940909544627,
    27.200669153531393,
    26.901296869913736,
    27.02641818126043,
    27.059034434954324,
    27.080915141105653,
    27.104517221450806,
    27.114728093147278,
    27.236825613180795,
    27.030633747577667,
    27.17023751338323,
    27.242807388305664,
    27.277369570732116,
    27.15125105381012,
    27.211069361368814,
    27.20201028585434,
    27.29253446261088,
    27.377532788117726,
    27.296074430147808,
    27.248228696982064,
    27.417748844623567,
    27.388363858064015,
    27.344304347038268,
    27.369200094540915,
    27.37665693362554,
    27.427040088176728,
    27.503898207346598,
    27.461898930867513,
    27.461293812592825,
    27.521816766262056,
    27.516209363937378,
    27.48397466739019,
    27.50573792060216,
    27.351618977387748,
    27.47901384830475,
    27.49879904190699,
    27.509226965904237,
    27.547160816192626,
    27.334933749834697,
    27.334459296862285,
    27.450099794069924,
    27.30618744691213,
    27.415608195463815,
    27.379508876800536,
    27.314591777324676,
    27.2289053161939
  ],
  "val_loss": [
    27.138448423497817,
    27.04517467723173,
    27.04630521886489,
    26.593726079604206,
    26.446039962768555,
    27.344658010146198,
    26.925345454496497,
    26.656844599106734,
    27.163463816923255,
    26.775213578168085,
    26.729406558766083,
    27.1915911730598,
    26.669744828168085,
    26.876866733326633,
    27.157425016515397,
    26.481081861608168,
    26.840331604901483,
    27.200059015610638,
    27.308260502534754,
    27.031165156644935,
    27.349125491871554,
    27.501852215037626,
    27.13506036646226,
    27.13744773864746,
    27.169009915520164,
    27.027067790311925,
    27.143072577083814,
    27.379711330638212,
    27.365382452572092,
    27.277454780129826,
    27.441882705688478,
    26.925478632309858,
    27.579047371359433,
    27.70621856240665,
    27.402860260009767,
    27.566339290843292,
    27.094375700109147,
    26.79047413994284,
    27.310930207196403,
    27.75115791769589,
    27.166242173138787,
    27.278735800350415,
    27.24178518407485,
    27.35395175709444,
    27.02077760135426,
    26.76289318309111,
    26.797529153262868,
    27.118165229348577,
    26.734992666805493,
    27.27934514214011,
    26.284526017132926,
    26.864228439331054,
    26.891030098410212,
    26.803665654799516,
    27.19252373190487,
    26.973025131225587,
    26.764929401173312,
    26.86101588080911,
    26.6755750319537,
    27.03123088163488,
    26.640760242237764,
    27.2346071804271,
    27.107662806791417,
    27.005377668492933,
    27.026125560087316,
    26.80024575626149,
    27.09495398577522,
    26.797854614257812,
    27.00172374949736,
    26.961644587797277,
    27.41755777246812,
    27.24290657043457,
    27.318901286405676,
    27.24141024421243,
    27.329964447021485,
    27.25607456880457,
    26.629832144344554,
    27.582988783892464,
    26.9397871354047,
    27.39670154347139,
    27.294979723762065,
    27.37215410120347,
    27.131138655718637,
    27.157033291985005,
    27.438403454948872,
    27.52529359705308,
    27.242224323048312,
    27.063085129681756,
    27.81953939550063,
    27.50356768439798,
    27.353027007159064,
    27.077193293851966,
    27.146535873413086,
    27.004951297535616,
    27.681641051348517,
    26.892931208891028,
    26.79952069450827,
    27.51815441355986,
    27.521789057114546,
    27.036628296796014
  ],
  "PRD": [
    31.215504851192236,
    28.9560264647007,
    29.53277225792408,
    29.46069167740643,
    28.879547022283077,
    29.903365541249514,
    29.70446838065982,
    30.04462569206953,
    29.259039144963026,
    29.47184604778886,
    30.748421128839254,
    29.69564314931631,
    30.645050317049026,
    29.15043433010578,
    29.600096005946398,
    29.406627263873816,
    30.808608818799257,
    30.546792697161436,
    29.644057620316744,
    29.816580221056938,
    30.11057172343135,
    30.822288781404495,
    29.693192549049854,
    30.50040401518345,
    30.21958702802658,
    30.512922547757626,
    30.997534472495317,
    29.791947659105062,
    28.80135964229703,
    30.067172188311815,
    30.81907970830798,
    29.644386406987906,
    31.04479145258665,
    31.525912754237652,
    30.805069245398045,
    30.67482202872634,
    28.85231713205576,
    29.29414665326476,
    30.924328796565533,
    31.83228040486574,
    29.970043417066336,
    29.28057698905468,
    29.666498247534037,
    30.02769246697426,
    30.765005964785814,
    30.087157260626554,
    30.07740965858102,
    30.689389895647764,
    29.17051488533616,
    30.500674966722727,
    28.419590696692467,
    29.171159014105797,
    30.746184572577477,
    28.75389363616705,
    31.145435471087694,
    29.35001875087619,
    29.909602155908942,
    31.49738808721304,
    29.28973588719964,
    29.11577271297574,
    29.94139141216874,
    30.809922628104687,
    29.351976588368416,
    31.379228308796883,
    29.88410698249936,
    30.474440317600965,
    29.527255710214376,
    29.534991454333067,
    29.898048117756844,
    31.372127752751112,
    31.687262501567602,
    30.57935458421707,
    30.169171061366796,
    29.451689057052135,
    31.046992547810078,
    31.140355933457613,
    29.043192826211452,
    30.884111642837524,
    30.465996202081442,
    30.66306384652853,
    30.205691788345575,
    31.156912699341774,
    30.09757897257805,
    29.906659707427025,
    29.403181798756123,
    29.930352300405502,
    29.311896231025457,
    29.916267793625593,
    30.729466658085585,
    30.338614590466022,
    30.793171390891075,
    29.76296467706561,
    29.98260135576129,
    29.616213090717793,
    30.297680590301752,
    30.122277542948723,
    29.827078711241484,
    30.474313762038946,
    29.003373108804226,
    30.253804672509432
  ],