{
  "PRD": 24.369399420917034,
  "PRD_std": 13.845932152198644,
  "PRDN": 27.487308256328106,
  "PRDN_std": 20.49817194237896,
  "WWPRD": 18.87734634557742,
  "WWPRD_std": 9.595319256092507,
  "WWPRD_deriv": 21.76641722023487,
  "WWPRD_deriv_std": 12.867388668405338,
  "SNR_out": 13.398889505304396,
  "SNR_out_std": 4.390942960673279,
  "SNR_in": 6.192754052113742,
  "SNR_improvement": 7.2061354531906545,
  "val_loss": 22.6472869199865
}