{
  "train_loss": [
    23.676906780401865,
    23.542397940158843,
    23.408873530228934,
    23.39312379360199,
    23.545961928367614,
    23.4730016152064,
    23.406589448451996,
    23.313718366622926,
    23.25706106821696,
    23.050423276424407,
    23.144302149613697,
    23.22299013932546,
    23.133818634351094,
    22.817909872531892,
    22.92504230340322,
    22.63952381213506,
    22.84719369808833,
    22.750188302993774,
    22.63177008231481,
    22.640792405605318,
    22.636933545271557
  ],
  "val_loss": [
    24.524587541468,
    23.30411814521341,
    24.320599567188935,
    23.649382826861213,
    23.480010986328125,
    24.270336420395797,
    23.229986370311064,
    23.668259990916532,
    23.84348878299489,
    23.647463091681985,
    23.724050432093,
    23.571873451681697,
    23.267194860121784,
    23.21003911635455,
    23.391403018727022,
    23.894498802633848,
    23.420665471694047,
    23.058499953326056,
    23.34298499612247,
    22.941502806719612,
    23.063186802583584
  ],
  "PRD": [
    27.247759049758315,
    26.02481042407453,
    25.679316353052855,
    25.510169634595513,
    25.98477122373879,
    26.008390370756388,
    26.521120900288224,
    25.647170277312398,
    26.310277929529548,
    25.474879663437605,
    26.76779691502452,
    27.49806370958686,
    25.726034611463547,
    27.023806486278772,
    26.03209467791021,
    26.80839772336185,
    26.533791299909353,
    25.013283025473356,
    26.72039858996868,
    25.566037530079484,
    25.569901229813695
  ],
  "PRDN": [
    30.844641027972102,
    29.727945804595947,
    28.68257885426283,
    29.27009740844369,
    29.657636046409607,
    29.36780121922493,
    29.89490246027708,
    28.947970736771822,
    29.941017366945744,
    28.55864537321031,
    30.920841112732887,
    31.297636119648814,
    29.431880217045546,
    31.61797123029828,
    29.299548655748367,
    30.730838004499674,
    30.364825051277876,
    28.852217698469758,
    30.773161547258496,
    28.905550623312593,
    29.057924138382077
  ],
  "WWPRD": [
    22.09464352883238,
    19.257108293509212,
    20.141298173516013,
    19.387347664316795,
    19.42312764065852,
    19.31581731742249,
    19.608619060656345,
    19.530286350033847,
    19.727811444097973,
    19.06097278367847,
    20.157760269642637,
    19.941223089966687,
    19.126244038829153,
    20.077949662179456,
    19.532935598075667,
    20.835666506604237,
    19.573265422642365,
    18.688640213589544,
    18.821618498691116,
    19.17376666707978,
    18.971614674348274
  ],
  "SNR_out": [
    12.493339764114353,
    12.765779447741807,
    12.981346703600138,
    12.962067908374593,
    12.929890026105568,
    12.862312407232821,
    12.757911515887827,
    13.021453358698636,
    12.715887980302796,
    12.95928498270223,
    12.91487676545512,
    12.39774183742702,
    13.01439011702314,
    12.673409898532555,
    12.999412244651467,
    12.63411039573839,
    12.70620916900225,
    13.173107421840541,
    12.712224106537178,
    12.973418910056353,
    13.079232105141273
  ],
  "SNR_in": [
    6.286648292269092,
    6.310533437586855,
    6.485096074349713,
    6.264278202674177,
    6.056598226132337,
    5.950633347965777,
    6.087088889587903,
    6.668234915938228,
    6.018221734557301,
    5.892954582353923,
    6.539446491258786,
    6.016418217157479,
    6.301207746859291,
    6.377375839114734,
    6.255962159339106,
    5.995063807116821,
    6.1543155690596905,
    6.073337507834367,
    5.924069987522671,
    6.123555384354404,
    6.427052071026992
  ],
  "SNR_improvement": [
    6.206691471845261,
    6.455246010154951,
    6.496250629250426,
    6.697789705700416,
    6.873291799973231,
    6.911679059267044,
    6.670822626299923,
    6.353218442760408,
    6.697666245745495,
    7.066330400348306,
    6.375430274196333,
    6.381323620269541,
    6.7131823701638496,
    6.296034059417821,
    6.743450085312361,
    6.639046588621568,
    6.551893599942559,
    7.099769914006174,
    6.788154119014507,
    6.849863525701949,
    6.652180034114281
  ]
}