{
  "4": {
    "PRD": 33.846662109375,
    "PRD_std": 16.771509870076414,
    "PRDN": 36.213678150177,
    "PRDN_std": 20.947604516596915,
    "WWPRD": 31.392592405985102,
    "WWPRD_std": 16.578596059009197,
    "SNR_in": 6.318069957397878,
    "SNR_out": 10.184123877070844,
    "SNR_improvement": 3.866053919672966,
    "quantization_bits": 4,
    "actual_cr": 1.375,
    "latent_dim": 32
  },
  "8": {
    "PRD": 34.01667693901062,
    "PRD_std": 16.516101968564843,
    "PRDN": 36.5175265045166,
    "PRDN_std": 21.893837196124842,
    "WWPRD": 31.357788213297347,
    "WWPRD_std": 15.39313763978647,
    "SNR_in": 5.988104418307543,
    "SNR_out": 10.138221566319466,
    "SNR_improvement": 4.1501171480119226,
    "quantization_bits": 4,
    "actual_cr": 1.375,
    "latent_dim": 32
  },
  "16": {
    "PRD": 34.03651099395752,
    "PRD_std": 16.025763256820007,
    "PRDN": 36.45119711112976,
    "PRDN_std": 21.023578612306725,
    "WWPRD": 31.236928603302744,
    "WWPRD_std": 15.171336954361255,
    "SNR_in": 6.134817177005578,
    "SNR_out": 10.096483315691351,
    "SNR_improvement": 3.961666138685774,
    "quantization_bits": 4,
    "actual_cr": 1.375,
    "latent_dim": 32
  },
  "32": {
    "PRD": 35.59806496620178,
    "PRD_std": 17.37196582398689,
    "PRDN": 38.15439373588562,
    "PRDN_std": 23.15546488635079,
    "WWPRD": 32.38739196382624,
    "WWPRD_std": 16.552851243363076,
    "SNR_in": 5.954588823720813,
    "SNR_out": 9.753402664793656,
    "SNR_improvement": 3.7988138410728425,
    "quantization_bits": 4,
    "actual_cr": 1.375,
    "latent_dim": 32
  }
}