{
  "4": {
    "PRD": 36.037869256973266,
    "PRD_std": 17.930255977114633,
    "PRDN": 38.64987204742432,
    "PRDN_std": 22.507183870135407,
    "WWPRD": 32.50636514885107,
    "WWPRD_std": 16.264663846667357,
    "SNR_in": 6.213204768031836,
    "SNR_out": 9.515775437951088,
    "SNR_improvement": 3.3025706699192523,
    "quantization_bits": 4,
    "actual_cr": 5.5,
    "latent_dim": 8
  },
  "8": {
    "PRD": 36.45045939826965,
    "PRD_std": 18.293454216416617,
    "PRDN": 39.14152612113953,
    "PRDN_std": 23.626387686043312,
    "WWPRD": 32.635836022540964,
    "WWPRD_std": 14.921586563740338,
    "SNR_in": 6.101843626812101,
    "SNR_out": 9.388830721959472,
    "SNR_improvement": 3.286987095147371,
    "quantization_bits": 4,
    "actual_cr": 5.5,
    "latent_dim": 8
  },
  "16": {
    "PRD": 37.094363744735716,
    "PRD_std": 19.388195551107223,
    "PRDN": 39.836704471588135,
    "PRDN_std": 24.40514390468761,
    "WWPRD": 32.57146230632995,
    "WWPRD_std": 15.116145502077961,
    "SNR_in": 6.125493288613856,
    "SNR_out": 9.329799159348012,
    "SNR_improvement": 3.204305870734155,
    "quantization_bits": 4,
    "actual_cr": 5.5,
    "latent_dim": 8
  },
  "32": {
    "PRD": 35.77894776153565,
    "PRD_std": 18.49806003911916,
    "PRDN": 38.470117095947266,
    "PRDN_std": 24.418603229779176,
    "WWPRD": 32.396741220420644,
    "WWPRD_std": 14.25241008351593,
    "SNR_in": 6.674207921626047,
    "SNR_out": 9.565582074344158,
    "SNR_improvement": 2.891374152718112,
    "quantization_bits": 4,
    "actual_cr": 5.5,
    "latent_dim": 8
  }
}