{
  "4": {
    "PRD": 61.78643615722656,
    "PRD_std": 43.09601756192268,
    "PRDN": 71.66877030181885,
    "PRDN_std": 56.12191068672656,
    "WWPRD": 45.74618600997521,
    "WWPRD_std": 22.143473809684178,
    "SNR_in": 5.723272059768439,
    "SNR_out": 5.590773778796196,
    "SNR_improvement": -0.13249828097224237,
    "quantization_bits": 4,
    "actual_cr": 11.0,
    "latent_dim": 4
  },
  "8": {
    "PRD": 60.93101499557495,
    "PRD_std": 46.26973105704863,
    "PRDN": 70.0580207977295,
    "PRDN_std": 56.09090866030648,
    "WWPRD": 45.14948332890472,
    "WWPRD_std": 21.93430362473491,
    "SNR_in": 6.393675966307521,
    "SNR_out": 5.846203287303448,
    "SNR_improvement": -0.5474726790040731,
    "quantization_bits": 4,
    "actual_cr": 11.0,
    "latent_dim": 4
  },
  "16": {
    "PRD": 62.141409856796265,
    "PRD_std": 47.032029553932496,
    "PRDN": 71.60556708526612,
    "PRDN_std": 57.646511631234915,
    "WWPRD": 45.57592810910402,
    "WWPRD_std": 21.701028472839575,
    "SNR_in": 6.037301136460155,
    "SNR_out": 5.696655076125636,
    "SNR_improvement": -0.34064606033451855,
    "quantization_bits": 4,
    "actual_cr": 11.0,
    "latent_dim": 4
  },
  "32": {
    "PRD": 60.93891180419922,
    "PRD_std": 44.13661052528467,
    "PRDN": 70.38940307617187,
    "PRDN_std": 55.616546020992395,
    "WWPRD": 45.118692926619154,
    "WWPRD_std": 21.39253936638718,
    "SNR_in": 6.590263561666012,
    "SNR_out": 5.829141566591337,
    "SNR_improvement": -0.7611219950746745,
    "quantization_bits": 4,
    "actual_cr": 11.0,
    "latent_dim": 4
  }
}