{
  "4": {
    "PRD": 42.65704090499878,
    "PRD_std": 22.208477519107493,
    "PRDN": 44.83016098403931,
    "PRDN_std": 25.005187505440418,
    "WWPRD": 37.68183271562619,
    "WWPRD_std": 15.669074261808282,
    "SNR_in": 6.1362798345983025,
    "SNR_out": 8.17787812152505,
    "SNR_improvement": 2.0415982869267464,
    "quantization_bits": 4,
    "actual_cr": 11.0,
    "latent_dim": 4
  },
  "8": {
    "PRD": 42.68293743896484,
    "PRD_std": 22.402925022925047,
    "PRDN": 44.830655128479,
    "PRDN_std": 24.46778190140784,
    "WWPRD": 38.001527750271315,
    "WWPRD_std": 15.972490953000213,
    "SNR_in": 6.121350896593183,
    "SNR_out": 8.197417276134715,
    "SNR_improvement": 2.076066379541531,
    "quantization_bits": 4,
    "actual_cr": 11.0,
    "latent_dim": 4
  },
  "16": {
    "PRD": 42.988454513549804,
    "PRD_std": 22.5217793642432,
    "PRDN": 45.300609199523926,
    "PRDN_std": 25.524289037648813,
    "WWPRD": 37.93201412269386,
    "WWPRD_std": 16.28011337203498,
    "SNR_in": 5.693150211729109,
    "SNR_out": 8.143566510450094,
    "SNR_improvement": 2.4504162987209854,
    "quantization_bits": 4,
    "actual_cr": 11.0,
    "latent_dim": 4
  },
  "32": {
    "PRD": 42.33494847488403,
    "PRD_std": 22.174368737741535,
    "PRDN": 44.7603913230896,
    "PRDN_std": 25.545185989470916,
    "WWPRD": 37.621432106120864,
    "WWPRD_std": 15.976605884075424,
    "SNR_in": 6.479944913044572,
    "SNR_out": 8.26440495736897,
    "SNR_improvement": 1.784460044324398,
    "quantization_bits": 4,
    "actual_cr": 11.0,
    "latent_dim": 4
  }
}