{
  "4": {
    "PRD": 35.80796633720398,
    "PRD_std": 14.865450086873341,
    "PRDN": 37.85507171058655,
    "PRDN_std": 18.76404438481569,
    "WWPRD": 31.93381130572807,
    "WWPRD_std": 10.550981012776417,
    "SNR_in": 5.749133030563593,
    "SNR_out": 9.532968705207109,
    "SNR_improvement": 3.7838356746435164,
    "quantization_bits": 4,
    "actual_cr": 5.5,
    "latent_dim": 8
  },
  "8": {
    "PRD": 35.411213842391966,
    "PRD_std": 14.839420452159253,
    "PRDN": 37.32777165222168,
    "PRDN_std": 17.65249248239838,
    "WWPRD": 31.64199810895812,
    "WWPRD_std": 9.799889367467932,
    "SNR_in": 5.95431698217243,
    "SNR_out": 9.600616662383079,
    "SNR_improvement": 3.64629968021065,
    "quantization_bits": 4,
    "actual_cr": 5.5,
    "latent_dim": 8
  },
  "16": {
    "PRD": 35.560211589813235,
    "PRD_std": 13.642333212538343,
    "PRDN": 37.50979933357239,
    "PRDN_std": 17.035130802003696,
    "WWPRD": 31.919639824849945,
    "WWPRD_std": 10.16979555683562,
    "SNR_in": 5.967467496819794,
    "SNR_out": 9.512859792128205,
    "SNR_improvement": 3.545392295308411,
    "quantization_bits": 4,
    "actual_cr": 5.5,
    "latent_dim": 8
  },
  "32": {
    "PRD": 35.04545893669128,
    "PRD_std": 13.49285683035334,
    "PRDN": 36.912657962799074,
    "PRDN_std": 16.13984904147646,
    "WWPRD": 31.69660835387829,
    "WWPRD_std": 10.165079830708912,
    "SNR_in": 6.084817088130862,
    "SNR_out": 9.647889306992292,
    "SNR_improvement": 3.5630722188614308,
    "quantization_bits": 4,
    "actual_cr": 5.5,
    "latent_dim": 8
  }
}