{
  "4": {
    "PRD": 37.201424165725705,
    "PRD_std": 19.270501305903075,
    "PRDN": 40.708192316055296,
    "PRDN_std": 27.89716424136229,
    "WWPRD": 32.47740868955787,
    "WWPRD_std": 14.240149397010956,
    "SNR_in": 5.914286939162761,
    "SNR_out": 9.423942524015903,
    "SNR_improvement": 3.5096555848531423,
    "quantization_bits": 4,
    "actual_cr": 2.75,
    "latent_dim": 16
  },
  "8": {
    "PRD": 36.946028383255005,
    "PRD_std": 17.558807222670126,
    "PRDN": 40.10590069389343,
    "PRDN_std": 25.243640606882824,
    "WWPRD": 32.39259002268211,
    "WWPRD_std": 14.143332028008771,
    "SNR_in": 6.336241002535448,
    "SNR_out": 9.372223722815514,
    "SNR_improvement": 3.035982720280066,
    "quantization_bits": 4,
    "actual_cr": 2.75,
    "latent_dim": 16
  },
  "16": {
    "PRD": 36.166656635284426,
    "PRD_std": 16.99638907252462,
    "PRDN": 39.25295623970032,
    "PRDN_std": 23.239146156179494,
    "WWPRD": 32.189883253879444,
    "WWPRD_std": 13.508594843113736,
    "SNR_in": 6.059043691158295,
    "SNR_out": 9.576721470654011,
    "SNR_improvement": 3.517677779495716,
    "quantization_bits": 4,
    "actual_cr": 2.75,
    "latent_dim": 16
  },
  "32": {
    "PRD": 36.56353521347046,
    "PRD_std": 19.385861838372158,
    "PRDN": 39.60250126075745,
    "PRDN_std": 24.987516371532045,
    "WWPRD": 31.95975111719987,
    "WWPRD_std": 13.566111402881356,
    "SNR_in": 6.115612840026617,
    "SNR_out": 9.541772475153207,
    "SNR_improvement": 3.4261596351265906,
    "quantization_bits": 4,
    "actual_cr": 2.75,
    "latent_dim": 16
  }
}