{
  "PRD": 26.259709116071463,
  "PRD_std": 15.452577799463066,
  "PRDN": 29.632537841796875,
  "PRDN_std": 24.334231221736424,
  "WWPRD": 19.189325520715727,
  "WWPRD_std": 11.071379214260984,
  "WWPRD_deriv": 23.286578569561243,
  "WWPRD_deriv_std": 14.703143372155198,
  "SNR_out": 12.877807889133692,
  "SNR_out_std": 4.591449905058294,
  "SNR_in": 5.831251490591967,
  "SNR_improvement": 7.046556398541725,
  "val_loss": 22.333942679471747
}