{
  "PRD": 24.88230931572616,
  "PRD_std": 14.172305600576081,
  "WWPRD": 22.23632626235485,
  "WWPRD_std": 13.619773317666192,
  "SNR_out": 13.288639734208118,
  "SNR_out_std": 4.551159086820191,
  "SNR_in": 6.21814097542665,
  "SNR_improvement": 7.0704987587814685,
  "val_loss": 22.548127095839558
}