{
  "train_loss": [
    42.73887567917506,
    30.9158909201622,
    29.6110050201416,
    28.78533724943797,
    28.395214815934498,
    27.83937517007192,
    27.537992680072783,
    27.230727124214173,
    27.023730937639872,
    26.772980217138926,
    26.547780283292134,
    26.23559422890345,
    25.888569871584576,
    25.954059676329294,
    25.684331822395325,
    25.44994322458903,
    25.458990128835044,
    25.169707016150156,
    25.206837936242422,
    24.87590434948603,
    24.69078898827235,
    24.660034867127738,
    24.578156463305156,
    24.320647025108336,
    24.17395783662796,
    24.062771105766295,
    24.037539517879488,
    23.853021907806397,
    23.759577345848083,
    23.69206896622976,
    23.684276374181113,
    23.463525001207987,
    23.4285991470019,
    22.996012361844382,
    23.20471793015798,
    23.010686826705932,
    22.900450758139293,
    22.821403098106384,
    22.744884073734283,
    22.60711905757586,
    22.677790196736655,
    22.51308677593867,
    22.38703831831614,
    22.27510672012965,
    22.294530403614043,
    22.113478988409042,
    22.11402375896772,
    22.050890783468883,
    22.034157009919486,
    21.79526105324427,
    21.692673337459563,
    21.874759145577748,
    21.784616017341612,
    21.60543817281723,
    21.735926705598832,
    21.770659430821738,
    21.59881007273992,
    21.574889759222668,
    21.69810985525449,
    21.670522324244182
  ],
  "val_loss": [
    31.468795148064107,
    29.488577696856332,
    28.811951558730183,
    29.83117233725155,
    29.544427849264707,
    26.73556572409237,
    26.99964334824506,
    26.593528949513153,
    26.564852568682504,
    27.23022425034467,
    25.9345521365895,
    25.47211301466998,
    26.491562899421243,
    25.33660058414235,
    25.23681941312902,
    25.418016837624943,
    24.945148961684282,
    25.167716329237994,
    25.236115197574392,
    25.67517148186179,
    25.62020876267377,
    24.922947827507468,
    24.460671211691462,
    23.8688294803395,
    24.198046022302965,
    24.057091948565315,
    24.722883112290326,
    23.7263775769402,
    24.202090139950023,
    23.740621948242186,
    23.58894722882439,
    23.26702984080595,
    23.370985053567324,
    23.212887528363396,
    23.4986655515783,
    22.935477918737075,
    23.11114107019761,
    23.355770043765798,
    22.87642043618595,
    23.13890454909381,
    23.05597594766056,
    23.038869139727424,
    22.920666952694162,
    22.846457874073703,
    22.474776840209962,
    22.621709666532627,
    22.582273909624885,
    22.55503376231474,
    22.863462291044346,
    22.676850442325367,
    22.51507429235122,
    22.716928145464728,
    22.38844674054314,
    22.397535615808824,
    22.21873770321117,
    22.219298766641057,
    22.589856461917652,
    22.41995932635139,
    22.198120655732996,
    22.20386013704188
  ],
  "PRD": [
    33.260400749742985,
    32.009861793369055,
    31.51555833593011,
    32.19886462390423,
    32.9198972992599,
    28.262002270668745,
    30.725694440305233,
    30.30197151377797,
    27.87964817136526,
    30.100935395807028,
    29.0103998221457,
    28.6161029599607,
    28.67485285177827,
    27.137898832559586,
    28.202287085354328,
    28.23339512012899,
    27.187303364276886,
    26.049206040799618,
    27.316280560567975,
    29.109198354184628,
    28.02382148243487,
    28.319414898753166,
    28.162118300795555,
    26.450843136757612,
    26.246676137670875,
    27.868135664612055,
    27.378160033375025,
    27.07992074638605,
    26.360064666718245,
    25.817010134458542,
    26.528253303840756,
    25.2283939961344,
    26.2739423122257,
    25.41566344164312,
    25.931818012148142,
    25.90462587401271,
    24.678300676867366,
    25.292238486930728,
    26.36797833070159,
    26.244864029809833,
    24.49714981392026,
    25.80955431610346,
    25.321995064616203,
    25.11799275688827,
    24.951387172564864,
    23.95387041941285,
    25.440437886863947,
    24.635507619008422,
    25.613594107329845,
    24.35563170351088,
    25.91489360295236,
    24.640358405187726,
    25.113962030038238,
    24.846196779981256,
    25.056120850145817,
    24.308927027508616,
    23.84562787786126,
    25.459446692839265,
    25.43137191236019,
    25.071495229378343
  ],
  "WWPRD": [
    30.555468920618296,
    29.182446219027042,
    28.38121983408928,
    29.323611330240965,
    29.772509060800076,
    25.3912052847445,
    27.864431139081717,
    27.37724975310266,
    25.184808656573296,
    26.909561067819595,
    26.091253289952874,
    25.82897102460265,
    25.763949871063232,
    24.46268462203443,
    25.396055813878775,
    25.385596252977848,
    24.35687891021371,
    23.32609762996435,
    24.60451744683087,
    26.354637257754803,
    25.246664341539145,
    25.650588324293494,
    25.22835074365139,
    23.78072431497276,
    23.517777528613806,
    24.9189557954669,
    24.665644148364663,
    24.291222415864468,
    23.596445070579648,
    23.17730626836419,
    23.79129564575851,
    22.55680313333869,
    23.541502684354782,
    22.74547011591494,
    23.173135325312614,
    23.247804172337055,
    22.0471447147429,
    22.693056993186474,
    23.538175586611032,
    23.55093837156892,
    21.921864233911037,
    23.052395282313228,
    22.608301448635757,
    22.453194830566645,
    22.279800375923514,
    21.41178006865084,
    22.72103442810476,
    22.032599311321974,
    22.97781990841031,
    21.789579765871167,
    23.157116839662194,
    21.920537997037172,
    22.500338023528457,
    22.17182389833033,
    22.463452177122235,
    21.73222646303475,
    21.28817033395171,
    22.78917015902698,
    22.767194885760546,
    22.321791633963585
  ],
  "SNR_out": [
    10.161282459797803,
    10.714860542211682,
    10.83239479851909,
    10.628510741516948,
    10.797790526994504,
    11.851812256732956,
    11.234499361511553,
    11.436789304949343,
    11.989210481755435,
    11.238294455688447,
    11.710933179361746,
    11.936059592757374,
    11.768022625241429,
    12.299715652130544,
    12.066637869225815,
    12.048260345123708,
    12.371262337313965,
    12.469526410102844,
    12.255006334657082,
    11.623635014519095,
    11.968976265285164,
    12.03894872777164,
    12.327688192483038,
    12.515434807632118,
    12.693075868766755,
    12.288120299810544,
    12.387701848056167,
    12.490098217036575,
    12.583729579113424,
    12.978343160357326,
    12.639289726503193,
    12.955917752697133,
    12.745476946234703,
    12.984780496917665,
    12.806376040913165,
    12.883510856539942,
    13.131942556239665,
    12.924388301558793,
    12.77251879638061,
    12.955365237779915,
    13.265793002210557,
    12.822557097533718,
    13.17460557929735,
    13.11555839353241,
    13.160199295729399,
    13.417236941866577,
    13.14906662562862,
    13.240733418613672,
    13.115735824685544,
    13.414376795757562,
    13.06881124083884,
    13.242858090437949,
    13.370018444955349,
    13.184038150124252,
    13.211990085896105,
    13.328648807480931,
    13.38308282289654,
    13.205933607183397,
    13.225433118641376,
    13.248922290280461
  ],