{
  "PRD": 28.731166683137417,
  "PRD_std": 14.047448817493708,
  "PRDN": 33.12275292351842,
  "PRDN_std": 27.974490677658725,
  "WWPRD": 21.006517405322413,
  "WWPRD_std": 9.407852286483442,
  "WWPRD_deriv": 25.61660928465426,
  "WWPRD_deriv_std": 13.418457821731797,
  "SNR_out": 11.747748830806813,
  "SNR_out_std": 3.9460912763111176,
  "SNR_in": 6.602222389716189,
  "SNR_improvement": 5.145526441090624,
  "val_loss": 26.46990583083209
}