{
  "train_loss": [
    36.436502782503766,
    31.47128339211146,
    30.50771510998408,
    29.961438008149464,
    29.60962072213491,
    29.226969408988953,
    29.246095116933187,
    29.056092580159504,
    28.76426694393158,
    28.54734919468562,
    28.271541571617128,
    28.504544293880464,
    28.20920077164968,
    28.099535183111826,
    28.11132252216339,
    28.031857379277547,
    27.9248992284139,
    27.6026882648468,
    27.741060098012287,
    27.644387678305307,
    27.559880534807842,
    27.549360346794128,
    27.412830015023548,
    27.452878093719484,
    27.45203750928243,
    27.055768259366353,
    27.03682159980138,
    27.215057917435963,
    27.06865332523982,
    26.854335451126097,
    26.997088519732156,
    26.937671029567717,
    26.959611956278483,
    26.799796005090077,
    26.712317498524985,
    26.58915387392044,
    26.720176724592843,
    26.662866230805715,
    26.61633891661962,
    26.487709736824037,
    26.503241554896036,
    26.498101635773978,
    26.53476239045461,
    26.538702917099,
    26.492759029070537,
    26.443797651926676,
    26.526837984720867,
    26.340960546334586,
    26.531253751118978,
    26.40421345233917
  ],
  "val_loss": [
    31.311327945484834,
    29.90947703193216,
    28.95731394150678,
    29.03853297514074,
    28.656440353393556,
    28.596115650850184,
    29.06341880349552,
    28.54653434753418,
    28.130133460549747,
    28.277941625258503,
    28.143732138241038,
    27.643970511941347,
    28.5095967909869,
    27.942181082332837,
    27.326678780948413,
    27.218330428179573,
    27.418814243989832,
    27.55843268001781,
    27.123110647762523,
    27.537372073005226,
    27.012101992438822,
    27.149673192641313,
    26.831076947380513,
    26.97311841179343,
    27.468740687650794,
    26.84329979840447,
    27.394382297291475,
    26.911717942181756,
    27.311610435037053,
    26.77358331119313,
    27.2719513612635,
    26.952985539155847,
    26.860847809735468,
    27.086673938526825,
    26.539028235042796,
    26.9887103136848,
    26.467740429148954,
    26.324513917810776,
    26.234158414952894,
    25.969709351483512,
    26.404590180340936,
    26.676686926449047,
    26.621198048311122,
    26.067000893985522,
    26.530905286003563,
    26.343941093893612,
    26.706207544663375,
    26.992309660070084,
    26.189781705070946,
    26.500016448077034
  ],
  "PRD": [
    33.91544846445322,
    32.01367089152336,
    30.879491206258535,
    32.154158256947994,
    30.955201905220747,
    30.94451780617237,
    32.79438801109791,
    31.973615042865276,
    30.187739174813032,
    31.34980358928442,
    31.738975267857313,
    30.165992323309183,
    30.845404762774706,
    30.82792593166232,
    30.056019488722086,
    29.926438979804516,
    30.604410488158464,
    29.905426263809204,
    30.637605492025614,
    30.818928975611925,
    30.235101208090782,
    29.09761532396078,
    28.57989862561226,
    29.649092867970467,
    30.09058216959238,
    29.392302744090557,
    30.106528509408236,
    29.90875518321991,
    30.955474872142076,
    29.549434754997492,
    29.86904887855053,
    29.591927126049995,
    28.049342095851898,
    29.62008388340473,
    28.739455360919237,
    28.791119204834104,
    29.14497708156705,
    29.12039652466774,
    29.469170646741986,
    27.907100401818752,
    29.704547818750143,
    29.70478803664446,
    28.34458578005433,
    29.353462666273117,
    30.749253436923027,
    29.82558487728238,
    30.986265618354082,
    29.480213209986687,
    28.974883764982224,
    29.631102088838816
  ],
  "PRDN": [
    38.292667120695114,
    36.62307341769338,
    35.17920923605561,
    36.47063809633255,
    35.601256251335144,
    35.338364876806736,
    37.71794646605849,
    36.528172329068184,
    34.518908496946096,
    35.831807021051645,
    36.153368797153234,
    34.1853818744421,
    35.109845984727144,
    35.031660471111536,
    34.37173105403781,
    34.45913341268897,
    34.558538638055325,
    34.08333609625697,
    35.14873791113496,
    35.10102820396423,
    35.56233764439821,
    33.20151402801275,
    32.58190834149718,
    34.0049713216722,
    34.88837606459856,
    33.56047361716628,
    34.9728922881186,
    34.200566094368696,
    35.9177767932415,
    33.688068594783545,
    33.903718415647745,
    33.812064062803984,
    32.1726985052228,
    33.541810873895884,
    32.91318083927035,
    33.04683943837881,
    32.97675629705191,
    33.08048103377223,
    33.27066472731531,
    31.85240500792861,
    33.960328448563814,
    33.8523798212409,
    32.56042368710041,
    33.48405008018017,
    35.55254175141454,
    34.08503283187747,
    35.187045216560364,
    33.62746061012149,
    33.416357669979334,
    34.19520404934883
  ],
  "WWPRD": [
    30.036480432918488,
    26.58625958001479,
    25.24734499837387,
    26.145804342010877,
    24.326799632722455,
    24.290551352153322,
    23.903692480505086,
    23.967775727406526,
    23.78604330767288,
    23.533990499562947,
    23.764832191033953,
    23.435178246124106,
    24.428292698067512,
    23.017399702250465,
    22.105968578864093,
    22.50995180148127,
    22.806615400757842,
    22.55125924525341,
    22.47380224330023,
    22.768222298836896,
    22.359507201951857,
    21.816648813907555,
    21.557915021788347,
    22.438708950798564,
    22.246697312693776,
    22.038538154850457,
    22.239293960010205,
    22.69734835342703,
    21.70801628189534,
    21.43318094970588,
    21.716075355848517,
    21.852612395064288,
    21.173237454413414,
    21.239579053927518,
    21.308980343924837,
    21.69925166525241,
    21.634111297564807,
    21.827234704471884,
    21.432711919335297,
    21.342189515425467,
    21.18998592858647,
    21.88133982722543,
    21.16342992427716,
    21.326022422014205,
    21.415771322124527,
    21.308645708265132,
    21.434046508560357,
    21.979393090671998,
    20.99477291862373,
    21.458813769162365
  ],
  "SNR_out": [
    10.026828698348254,
    10.688228941522539,
    10.951802350580692,
    10.645900360541418,
    11.064168975921348,
    10.971989888465032,
    10.605052197817713,
    10.83980367006734,
    11.227177252992988,
    10.947384155791951,
    10.749373770784587,
    11.214635136071593,
    11.04526980035007,
    11.17889542755438,
    11.437415470019914,
    11.501495071715908,
    11.16728958627209,
    11.354909253772348,
    11.268934953492135,
    11.247067665681243,
    11.381783709628507,
    11.605651242192835,
    11.603715986013412,
    11.467923566233367,
    11.354834809433669,
    11.498535465216264,
    11.378010209591594,
    11.432882843073457,
    11.258527969475836,
    11.645291392225772,
    11.468760180519894,
    11.632013534894213,
    12.062202907167375,
    11.557588200084865,
    11.674124888842925,
    11.669759882614017,
    11.646499484078959,
    11.612890400574543,
    11.63776680038427,
    11.981896124314517,
    11.454957524780184,
    11.681710691191256,
    11.946446258225478,
    11.592993509024382,
    11.229221675544977,
    11.468054337165086,
    11.496426220517606,
    11.485852727666497,
    11.838661233137827,
    11.66060626890976
  ],