{
  "PRD": 31.52722219377756,
  "PRD_std": 13.5030772345552,
  "WWPRD": 28.436306174844503,
  "WWPRD_std": 12.632002580639638,
  "SNR_out": 10.685729885008186,
  "SNR_out_std": 3.2978682612399597,
  "SNR_in": 6.447520125715528,
  "SNR_improvement": 4.238209759292658,
  "val_loss": 26.760970396154068
}