{
  "train_loss": [
    35.57264730532964,
    30.830135452747346,
    30.11228938102722,
    29.610262326399486,
    29.276157303651175,
    29.13555784622828,
    28.72117693821589,
    28.846793866157533,
    28.62027146021525,
    28.410950863361357,
    28.304363787174225,
    28.181226483980815,
    28.057972633838652,
    27.972965292135875,
    27.822409931818644,
    27.754648514588673,
    27.705312844117483,
    27.499455591042835,
    27.399988170464834,
    27.37113636334737,
    27.278439605236052,
    27.192407707373302,
    27.1878338376681,
    27.03807367881139,
    27.088231507937113,
    27.079635059833528,
    26.96614272991816,
    26.87815153201421,
    26.81360826889674,
    26.74528255065282,
    26.78591078519821,
    26.699286246299742,
    26.63152527809143,
    26.645786412556966,
    26.524712069829306,
    26.49799693028132,
    26.509455426534018,
    26.480243007342022,
    26.452420612176258,
    26.434344172477722
  ],
  "val_loss": [
    31.866005280438593,
    30.328451134176817,
    28.967436711928425,
    29.07479093215045,
    28.700339485617246,
    28.841766940846163,
    28.561541680728688,
    28.018998538746555,
    28.34678580340217,
    27.74887439503389,
    27.950478340597712,
    27.869120451983285,
    27.776592187320485,
    27.449545310525334,
    27.3157553728889,
    27.724102154900045,
    27.5479112961713,
    27.909518096026254,
    27.268820616778207,
    27.338557119930492,
    27.37937671436983,
    27.017680628159468,
    27.067138380162856,
    27.379928072761086,
    26.965717607385972,
    26.813678831212663,
    27.054463891422046,
    26.637058504889993,
    26.732331511553596,
    26.513161019717945,
    26.692042653700884,
    26.529671837301816,
    26.26823829202091,
    26.822634865255917,
    26.800698336432962,
    26.570266992905562,
    26.642405992395737,
    26.71852912902832,
    26.249213858211743,
    26.262120863970587
  ],
  "PRD": [
    48.526153922080994,
    41.416821762919426,
    39.03498297184706,
    38.39774177223444,
    37.16540335863829,
    35.56975981220603,
    35.43151544034481,
    36.3947974704206,
    35.489491797983646,
    36.11484853178263,
    36.61562044173479,
    35.24769884347916,
    35.13442653045058,
    34.84110535308719,
    34.89924566075206,
    33.68085057660937,
    32.95338037982583,
    32.9086658321321,
    34.76968053355813,
    33.97728865221143,
    33.49600699171424,
    33.07140898704529,
    33.64922670274973,
    35.70679573714733,
    33.883424285799265,
    33.0382364615798,
    33.86449879407883,
    32.96800697594881,
    34.410211846232414,
    32.4624088704586,
    33.838144306093454,
    32.65939285606146,
    31.378949396312237,
    32.80379777401686,
    32.16530519723892,
    32.712158150970936,
    33.97187074273825,
    32.355854373425245,
    31.33846825361252,
    32.85818341374397
  ],
  "WWPRD": [
    45.67030896991491,
    38.38164968043566,
    35.903900288045406,
    35.18893061205745,
    33.918709360063076,
    32.465102322399616,
    32.2033157274127,
    32.90411391481757,
    32.33616157248616,
    32.79794839024544,
    33.17129059508443,
    32.04946083202958,
    31.8954433016479,
    31.743114970624447,
    31.671790685504675,
    30.581768039613962,
    29.937187917530537,
    29.874671828001738,
    31.537147656083107,
    30.775554314255714,
    30.48255581408739,
    29.964251846075058,
    30.383966453373432,
    32.36941769346595,
    30.709707219153643,
    29.923313606530428,
    30.70301292464137,
    29.756100073456764,
    31.105727277696133,
    29.42889403551817,
    30.671755842864513,
    29.633307687938213,
    28.41900395601988,
    29.812516044825315,
    29.040130529552698,
    29.643099300563335,
    30.63002759590745,
    29.22519525885582,
    28.35678056254983,
    29.63443037867546
  ],
  "SNR_out": [
    6.652661691245157,
    8.074999965261668,
    8.648352873511612,
    8.864468875224702,
    9.10568858589977,
    9.497412607073784,
    9.572053529351251,
    9.409570555435494,
    9.654776310781017,
    9.510968090442475,
    9.431227659399156,
    9.690889920573682,
    9.736437792540528,
    9.815711660405213,
    10.02789109153673,
    10.116875448729843,
    10.269389204564504,
    10.226672425866127,
    10.027176896110177,
    10.060418672859669,
    10.239207657286897,
    10.241122331179213,
    10.093286253977567,
    9.939647629158571,
    10.16668335817667,
    10.44237179029733,
    10.238717042142525,
    10.32256384077482,
    10.25274754455313,
    10.473137291613966,
    10.208638553507626,
    10.45358043370652,
    10.743130284594372,
    10.413169122999534,
    10.461887489072978,
    10.514167615678161,
    10.26787137053907,
    10.547215670114383,
    10.70106281794142,
    10.32536825328134
  ],
  "SNR_in": [
    6.061322320001636,
    6.200140747037949,
    6.067375103346421,
    6.175026754732244,
    6.265795344741491,
    6.568248414172558,
    5.975933646244812,
    5.856938888144214,
    6.494440286129247,
    6.292795975969057,
    5.904181755962782,
    6.4126259572731215,
    6.021097282704432,
    6.169969336409849,
    5.80003042408498,
    5.802567033475498,
    6.142037703891901,
    6.234445125031925,
    5.442599223135403,
    5.965301311633084,
    6.034685026868829,
    6.755030701577198,
    6.182328417242388,
    6.050246739418071,
    6.228366761759389,
    6.328540038812207,
    6.515928489970975,
    6.518535766255809,
    6.030413979242439,
    6.508104292093776,
    5.949500964197796,
    6.228128602379002,
    6.719886719016358,
    6.01580100321371,
    6.03767063790292,
    6.385873757040827,
    6.193918999051675,
    6.434845133917406,
    6.724600029585417,
    6.11358669695619
  ],
  "SNR_improvement": [
    0.5913393712435209,
    1.874859218223719,
    2.580977770165191,
    2.6894421204924583,
    2.839893241158279,
    2.9291641929012258,
    3.5961198831064394,
    3.55263166729128,
    3.1603360246517695,
    3.2181721144734183,
    3.527045903436374,
    3.27826396330056,
    3.7153405098360963,
    3.645742323995364,
    4.2278606674517505,
    4.314308415254345,
    4.127351500672603,
    3.9922273008342017,
    4.584577672974774,
    4.095117361226585,
    4.204522630418069,
    3.486091629602015,
    3.9109578367351787,
    3.8894008897405,
    3.9383165964172804,
    4.113831751485122,
    3.7227885521715507,
    3.8040280745190103,
    4.2223335653106915,
    3.96503299952019,
    4.25913758930983,
    4.2254518313275184,
    4.023243565578014,
    4.397368119785824,
    4.424216851170058,
    4.128293858637335,
    4.073952371487394,
    4.112370536196977,
    3.9764627883560024,
    4.21178155632515
  ]
}