{
  "PRD": 28.07398270815611,
  "PRD_std": 19.88993867516804,
  "WWPRD": 25.068687442690134,
  "WWPRD_std": 19.836192872310743,
  "SNR_out": 12.264270595740527,
  "SNR_out_std": 4.30066690563606,
  "SNR_in": 6.291573144379072,
  "SNR_improvement": 5.972697451361455,
  "val_loss": 24.401181509328442
}