{
  "train_loss": [
    34.573901518185934,
    28.66861893335978,
    27.601234300931296,
    26.938072681427002,
    26.601403935750326,
    26.372806564966837,
    25.949923650423685,
    25.746775968869528,
    25.660511310895284,
    25.635322578748067,
    25.522129774093628,
    25.285834074020386,
    24.969288380940757,
    25.125118803977966,
    24.988916190465293,
    25.0387983083725,
    24.691918659210206,
    24.52928930123647,
    24.60519863764445,
    24.38203947544098,
    24.58446898460388,
    24.37857865492503,
    24.367868304252625,
    24.204275504748026,
    24.30731380780538,
    24.062124276161192,
    24.104514225323996,
    23.94620369275411,
    23.94544781843821,
    23.771280590693156,
    23.69081126054128,
    23.489219236373902,
    23.726882163683573,
    23.630954321225484,
    23.547853597005208,
    23.594052958488465,
    23.42849536736806,
    23.458695022265115,
    23.19470956325531,
    23.352975781758627,
    23.15457663536072,
    23.130362757047017,
    23.112559445699056,
    23.068861103057863,
    23.049251317977905,
    22.966463271776835,
    23.07389926115672,
    22.954205918312073,
    22.980271061261494,
    23.01402627627055
  ],
  "val_loss": [
    28.232875779617665,
    28.97709136785463,
    26.1364706616069,
    26.07039691126624,
    26.03587709471237,
    25.43708583920501,
    25.18441302277321,
    25.172509880953058,
    24.56976220774096,
    25.34770947833394,
    25.535738922828852,
    24.819970153098883,
    25.14743844852891,
    24.803257121596225,
    24.418719136437705,
    24.251052279805027,
    24.97278253422227,
    24.814442390619323,
    24.78232667612475,
    23.906099674313566,
    24.038500231365823,
    26.08051468605219,
    24.386654875999273,
    23.810872721117597,
    23.971064811529114,
    24.094707622084506,
    23.84045507741529,
    23.604574780131497,
    23.516389447589255,
    23.544943609903026,
    23.276263170464095,
    23.665748196978903,
    23.498432336851607,
    23.403231997822605,
    23.61772652559502,
    23.417994521385015,
    22.734329534131426,
    23.570470721222634,
    24.006658731504928,
    23.081188867258472,
    22.864299552385198,
    22.847302459007086,
    23.0944257780563,
    22.85318534318791,
    22.77037221331929,
    23.114659996919855,
    22.555752865103788,
    22.915076411047647,
    23.683369614357172,
    23.241983546767123
  ],
  "PRD": [
    31.585168436169624,
    33.46256283670664,
    30.408319771289825,
    30.22234082221985,
    30.23036314547062,
    28.339285299181938,
    29.455031532794237,
    29.0700360275805,
    28.633159216493368,
    30.004647072404623,
    29.972132060676813,
    29.23296296969056,
    28.74708490818739,
    28.86218237504363,
    28.754475750029087,
    28.252812607213855,
    29.05685305595398,
    28.749379973858595,
    29.356537016108632,
    28.38287276774645,
    27.518058478832245,
    28.915627140551805,
    28.897695545107126,
    27.28527642786503,
    28.764427863061428,
    27.48488251492381,
    26.532162316143513,
    28.02447236701846,
    28.77053141593933,
    26.836703345179558,
    27.2686900049448,
    27.727787375450134,
    27.92728643119335,
    26.55880966410041,
    27.164552949368954,
    26.086721831932664,
    26.916138727217913,
    27.469942677766085,
    28.440159698948264,
    26.927788998931646,
    26.191229509189725,
    26.42344295606017,
    26.849696315824986,
    26.429744489490986,
    26.56173729337752,
    26.75709906592965,
    27.012687020003796,
    26.533255202695727,
    28.226839061826468,
    28.04546909034252
  ],
  "WWPRD": [
    28.657520823180676,
    30.231052342802286,
    27.226311784237623,
    26.98487512022257,
    27.132366966456175,
    25.29724022746086,
    26.14211643114686,
    25.95437903702259,
    25.521753752604127,
    26.802687384188175,
    26.784923546016216,
    26.03044493123889,
    25.69079488143325,
    25.825432809069753,
    25.50920126028359,
    25.127643767744303,
    26.00499491766095,
    25.564709417521954,
    26.147060664370656,
    25.22719113714993,
    24.516978247091174,
    26.2339689694345,
    25.69375843182206,
    24.2050308175385,
    25.53286725282669,
    24.491298900917172,
    23.656188160181046,
    24.97168392688036,
    25.603768916800618,
    23.863047033548355,
    24.079327331855893,
    24.44801625609398,
    24.854279588907957,
    23.593400865793228,
    24.193036150187254,
    23.15475950576365,
    23.89087406359613,
    24.372507331892848,
    25.208461549133062,
    23.837593972682953,
    23.20039699599147,
    23.442217929288745,
    23.807769905775785,
    23.51235119625926,
    23.49315518140793,
    23.792796961963177,
    23.993677955120802,
    23.704670229926705,
    25.202281644567847,
    24.971097676083446
  ],
  "SNR_out": [
    10.792636003345251,
    10.256678881123662,
    11.252006402239203,
    11.397437101928517,
    11.228047878481448,
    11.9268200378865,
    11.557578113861382,
    11.646763616008684,
    11.84936828195714,
    11.437255339231342,
    11.467114758910611,
    11.707656786311418,
    11.727297828299925,
    11.841583300789353,
    11.779870710102841,
    11.927693816804094,
    11.663250679150224,
    11.869775191415101,
    11.768159898725571,
    11.959112314914819,
    12.315073816513177,
    11.554999836720526,
    11.750797973014414,
    12.260566501878202,
    11.887104574590921,
    12.192369096563198,
    12.519405504572205,
    12.144235097803175,
    12.092031437903643,
    12.346095216926187,
    12.247261415235698,
    12.201599950625678,
    12.139853753091302,
    12.553925416432321,
    12.529401854146272,
    12.613052184693515,
    12.419110130518675,
    12.280501912580803,
    12.140723515534773,
    12.462501920992509,
    12.533952665515244,
    12.605417325801682,
    12.430837456136942,
    12.634159668115899,
    12.643329821934458,
    12.500966270221397,
    12.455833250656724,
    12.763990719337016,
    12.576911647804081,
    12.191470917547122
  ],
  "SNR_in": [
    6.496360872373089,
    6.000073578936281,
    6.3570980370950565,
    5.931120821420336,
    6.4589421224809485,
    6.241893102225731,
    6.354225702707481,
    6.869404314493295,
    5.945780228183139,
    6.232096195744816,
    5.8719565109786345,
    6.396486385838216,
    6.28927772748284,
    6.048068915944896,
    5.800998085818719,
    6.400137289892882,
    5.876297250979405,
    6.099230874577188,
    5.8135870635214815,
    6.043485495392815,
    6.154902691989264,
    6.354126063182775,
    5.716719181742519,
    5.682216957386117,
    5.567094519392413,
    6.440679559076671,
    6.286001377622597,
    6.559183009558183,
    5.76627591556462,
    6.060205339861568,
    6.773040065483656,
    5.894049393886235,
    5.757300166820642,
    6.160229600791354,
    6.491525591060054,
    6.37953557347646,
    6.293538092624658,
    6.353853913547937,
    5.976667377799458,
    5.896499148351722,
    6.125240008026594,
    6.415434281749185,
    5.835718267502671,
    6.14783190964954,
    6.238666303746868,
    5.83507705946613,
    6.181051131454296,
    5.84268058266025,
    5.94114025469753,
    5.947336606142926
  ],