Record,PRD (%),WWPRD (%),SNR_in (dB),SNR_out (dB),SNR_improvement (dB),CR,QS
100,31.20965054512024,23.040729613313037,6.230256079733372,10.743319514989853,4.513063435256481,22.0,70.49101677122044
101,33.10753301620483,25.10090119233027,6.131018113605678,10.19554614663124,4.064528033025563,22.0,66.45013383882112
102,29.58328432559967,27.771327393985633,6.116883829105645,11.014626142978669,4.897742313873024,22.0,74.36632037830387
103,27.757869844436645,20.66568549518599,6.0818684796046,11.724258158802986,5.642389679198386,22.0,79.2568022088674
104,44.361446924209595,46.179848549190545,6.096901577860117,7.522555374130607,1.42565379627049,22.0,49.59261143484891
