{
  "PRD": 28.209099363535643,
  "PRD_std": 14.36078249653121,
  "PRDN": 32.26452775672078,
  "PRDN_std": 26.029635447936876,
  "WWPRD": 20.973783017362727,
  "WWPRD_std": 10.38966075788798,
  "WWPRD_deriv": 25.088398974388838,
  "WWPRD_deriv_std": 13.616831572757826,
  "SNR_out": 11.960448100580834,
  "SNR_out_std": 4.013846039297769,
  "SNR_in": 6.0095184850506485,
  "SNR_improvement": 5.950929615530185,
  "val_loss": 26.565294961368338
}