{
  "train_loss": [
    37.16527398427328,
    31.43959376414617,
    30.42592569986979,
    29.79663858016332,
    29.67596811056137,
    29.219250349203744,
    29.03719570239385,
    28.971548930803934,
    28.865922240416207,
    28.72490897576014,
    28.345021402835847,
    28.336712074279784,
    28.17564896742503,
    28.165926655133564,
    27.906703368822733,
    27.869519623120627,
    27.804131178061166,
    27.6690389752388,
    27.572416174411774,
    27.529391594727834,
    27.272844644387565,
    27.280191957950592,
    27.286151166756948,
    27.195522197087605,
    27.204369938373567,
    27.06356901327769,
    26.865793244043985,
    26.93008053302765,
    26.835825542608898,
    26.749333628018697,
    26.68323477109273,
    26.714261543750762,
    26.640192000071206,
    26.748567338784536,
    26.547880335648856,
    26.47593026161194,
    26.465759738286337,
    26.483670079708098,
    26.497967676321664,
    26.455064872900646,
    26.23914136091868,
    26.317893008391064,
    26.241764227549236,
    26.252319554487865,
    26.27070059776306,
    26.13621334632238,
    26.312209089597065,
    26.027848660945892,
    26.034763046105702,
    26.08656144142151
  ],
  "val_loss": [
    32.285825303021596,
    30.297017916511088,
    29.860742209939396,
    29.63994436825023,
    29.618465378705192,
    28.537217084099264,
    28.935271633372587,
    28.32447675817153,
    28.018287860645966,
    28.25260440602022,
    28.003854168162626,
    27.909428562837487,
    27.88873192282284,
    27.75322124256807,
    27.52238572064568,
    27.25995959113626,
    27.605549801097197,
    27.430818400663487,
    27.40471676097197,
    26.638151438095992,
    27.26564068513758,
    26.71997371000402,
    27.09794001859777,
    27.525798685410443,
    27.06424051172593,
    26.50577630435719,
    27.363771236644073,
    26.56133566463695,
    26.48122282589183,
    26.59666992636288,
    26.81554365719066,
    26.47102320053998,
    26.31339481578154,
    26.2934762618121,
    26.344026161642635,
    26.536969151216393,
    26.503592524808997,
    26.497069818833296,
    26.505040112663718,
    26.383274527157056,
    25.94742025487563,
    25.90212267707376,
    26.126790820851046,
    26.360708977194392,
    26.384485042796417,
    30.196313543880688,
    26.29307616738712,
    26.162951368444105,
    26.753589989157284,
    26.038456209968118
  ],
  "PRD": [
    35.701622888445854,
    33.14976755529642,
    32.58312452957034,
    31.923745211213827,
    32.64379143342376,
    31.275050777941942,
    31.053053252398968,
    30.93188939988613,
    30.22374265640974,
    31.380701322108507,
    30.10251173004508,
    29.85087637975812,
    30.05624656006694,
    29.891323406249285,
    29.522783428430557,
    29.381835244596004,
    31.36007881909609,
    30.345211192965508,
    31.04796401411295,
    29.14836409687996,
    30.381007477641106,
    29.502525839954615,
    29.8041329421103,
    29.8054044470191,
    29.923964269459248,
    28.96033877506852,
    31.806264717131853,
    28.381178446114063,
    28.703067876398563,
    27.898056767880917,
    29.84506818279624,
    29.189510375261307,
    29.098981767892838,
    29.09059664234519,
    28.811096692457795,
    29.449110573157668,
    30.5109154433012,
    28.52129136584699,
    30.07179492339492,
    29.6215961240232,
    28.10954155214131,
    29.63020659983158,
    29.64895647764206,
    28.77727986127138,
    29.202410135418177,
    32.659519262611866,
    28.58111752010882,
    28.75221274420619,
    31.21420143544674,
    30.20984659716487
  ],
  "PRDN": [
    40.532075099647045,
    37.36595414951444,
    36.84667496010661,
    36.25616879016161,
    37.22403781116009,
    35.53605364635587,
    35.28777481243014,
    35.534774124622345,
    34.32394153997302,
    35.98100844025612,
    33.92302209511399,
    33.78679782897234,
    34.74796265363693,
    34.1747650206089,
    33.405586052685976,
    33.634616769850254,
    36.26560600474477,
    34.5512487962842,
    35.50747509673238,
    33.27167582511902,
    34.82315945252776,
    33.85289776325226,
    33.942459002137184,
    34.00089820846915,
    34.73507680743933,
    33.31605598703027,
    36.27086240798235,
    32.13579276762903,
    33.04383098334074,
    31.78970116749406,
    33.865938775241375,
    33.472260128706694,
    33.386768493801355,
    32.55910873413086,
    33.00826884806156,
    33.85692008584738,
    34.88887106627226,
    32.365054773166776,
    34.30737378075719,
    34.08443323895335,
    31.755485594272614,
    33.6459487490356,
    34.21063330024481,
    32.803737070411444,
    33.41765629500151,
    37.306687362492085,
    32.91547789238393,
    33.30971194431186,
    35.28874457627535,
    34.702940851449966
  ],
  "WWPRD": [
    30.186162890644518,
    26.753659364701207,
    25.237477403623778,
    26.015296774381532,
    25.35347990474287,
    24.597868806370364,
    23.9058990213575,
    23.139820069919054,
    23.284563395959193,
    23.173599940860974,
    23.08963414273654,
    22.66213471123565,
    23.174080024012248,
    22.731095785782916,
    22.184798034601265,
    22.500657130995876,
    22.380900396313052,
    22.760905897425758,
    21.856274166988324,
    21.848954423896572,
    21.870548693909903,
    21.71189025294847,
    21.882746836231362,
    21.919011277286252,
    22.21657528543428,
    21.598542067012044,
    22.325292129879806,
    21.47846918663417,
    21.083399331838493,
    20.926760802694368,
    21.757707464926717,
    21.477637093858483,
    21.004954694041434,
    21.076654484606195,
    21.120808556204995,
    21.254994647070824,
    21.280583192934426,
    20.727525458278464,
    21.712587064345556,
    21.19870008679328,
    21.03748062670467,
    21.240275147396957,
    21.72043761319188,
    20.954918701392252,
    20.941623439176436,
    25.65775668120456,
    21.150919570051272,
    21.090924437321902,
    21.467662962546076,
    20.571753234848913
  ],
  "SNR_out": [
    9.899710039491765,
    10.270287056802772,
    10.599275618966203,
    10.694291790015996,
    10.517095378600061,
    11.023003533948213,
    10.98291892465204,
    11.030253909993917,
    11.181206811685115,
    11.0324512924999,
    11.2123630088754,
    11.325317978858948,
    11.354424245655537,
    11.32468641595915,
    11.631118193734437,
    11.560240956954658,
    11.084148064721376,
    11.28322028851835,
    11.173969838535413,
    11.621235471218824,
    11.246111873420887,
    11.505592014920694,
    11.422329307999462,
    11.524818348989356,
    11.466713315225206,
    11.769303572596982,
    11.212468724464998,
    11.779643591260538,
    11.806505541549996,
    11.969279118813574,
    11.395251840818673,
    11.703732770867646,
    11.760067207476823,
    11.830723632127047,
    11.727031102636829,
    11.64407660602592,
    11.35103737656027,
    11.948990215780213,
    11.568956394679844,
    11.553107382263988,
    11.97566039499361,
    11.574927309062332,
    11.555121355690062,
    11.659740902949125,
    11.927698685787618,
    10.265178458299488,
    11.938560455455445,
    11.841916934587061,
    11.247964456531918,
    11.58648521638679
  ],