{
  "PRD": 31.002269078046083,
  "PRD_std": 27.231485720213367,
  "PRDN": 36.68808329477906,
  "PRDN_std": 55.6418456602791,
  "WWPRD": 22.331834294215295,
  "WWPRD_std": 13.724059915105904,
  "WWPRD_deriv": 27.816287226974964,
  "WWPRD_deriv_std": 27.70871239023971,
  "SNR_out": 11.4454962676391,
  "SNR_out_std": 4.249812041673198,
  "SNR_in": 6.183680457499577,
  "SNR_improvement": 5.261815810139524,
  "val_loss": 26.627320861816408
}