{
  "train_loss": [
    39.783284898598986,
    33.59128652413686,
    32.40211304823558,
    31.77310572465261,
    31.02690620024999,
    30.79395646651586,
    30.449381192525227,
    30.425602555274963,
    29.95876543124517,
    30.095966386795045,
    29.715321930249534,
    29.809827133019766,
    29.381113227208456,
    29.556631143887838,
    29.393174616495767,
    29.42538712422053,
    29.399114036560057,
    29.148016222318013,
    29.064581112066904,
    28.9049853682518,
    28.966945719718932,
    29.079415969053905,
    28.84736662308375,
    28.67488702138265,
    28.66734493970871,
    28.663546192646027,
    28.566425867875417,
    28.488333690166474,
    28.591328318913778,
    28.323176244894665,
    28.32108482122421,
    28.231027793884277,
    28.157565458615622,
    28.302823638916017,
    28.137290394306184,
    28.15712713400523,
    28.269417790571847,
    28.054188911120097,
    28.068772717316946,
    28.024587202072144,
    27.965668086210886,
    28.06772782007853,
    28.016712991396584,
    27.83057121038437,
    27.937854977448783,
    27.820054276784262,
    27.753470766544343,
    27.769287248452503,
    27.615645464261373,
    27.689147086938224,
    27.65225263039271,
    27.693415919939678,
    27.490070513884227,
    27.690338750680286,
    27.567264350255332,
    27.517754872639973,
    27.563163884480794,
    27.53561075925827,
    27.387704869111378,
    27.43704694112142,
    27.279558126131693,
    27.297659198443096,
    27.481962895393373,
    27.343994398911793,
    27.223430772622425,
    27.207882539431253,
    27.298547649383544,
    27.333386286099753,
    27.20609391927719,
    27.09954124689102,
    27.168974284331004,
    27.14238355557124,
    27.07651062409083,
    27.008421500523884,
    27.26014885107676,
    27.074382277329764,
    27.03582309881846,
    27.094279873371125,
    26.878905483086903,
    26.88977275689443,
    26.867651438713075,
    27.02164550622304,
    26.92520680427551,
    27.05570848385493,
    27.02092986504237,
    26.943662695089976,
    27.081522858142854,
    26.914742680390678,
    27.016315714518228,
    27.082773693402608,
    26.95763096412023,
    26.887659788131714,
    26.949364598592123,
    26.946059477329253,
    27.02588982184728,
    26.776520828406017,
    26.835840825239817,
    26.929868737856548,
    26.78306439717611,
    26.97760542631149
  ],
  "val_loss": [
    34.41420790728401,
    32.38040241914637,
    31.328907102697038,
    30.826546949498795,
    31.63354175792021,
    30.086212360157685,
    30.885910101497874,
    30.2667989394244,
    29.222033063103172,
    29.831574742934283,
    30.659934055103975,
    29.177901660694797,
    29.223176866419173,
    29.26649059968836,
    29.067229865579044,
    28.92383934469784,
    28.35929978314568,
    29.15532875061035,
    28.901503484389362,
    28.26964102352367,
    28.099840343699736,
    28.266040465411017,
    28.658723943373737,
    28.528358998018152,
    28.038495658425724,
    28.117700217751896,
    28.53131680208094,
    28.514950785917396,
    27.96808516558479,
    27.96022451064166,
    28.000766574635225,
    27.583374831255746,
    28.248591546451344,
    27.88091621398926,
    27.682951175465302,
    27.390481926413145,
    27.75950355529785,
    27.834302386115578,
    27.846365670596853,
    27.970952247170842,
    27.467107750387754,
    27.5401803633746,
    27.927915550680723,
    27.510883982041303,
    28.088331805958468,
    28.06693317188936,
    27.66790957731359,
    27.606434990377988,
    27.65463566499598,
    27.121139010261086,
    27.232134583417107,
    27.16170701419606,
    27.8919127295999,
    27.86895929224351,
    27.42801585477941,
    27.11140839071835,
    27.18540045794319,
    27.54159797219669,
    27.014778743070714,
    26.983162577012006,
    26.91206828846651,
    26.790403343649473,
    27.265304744944853,
    26.980995021146885,
    27.261470278571633,
    27.261730844834272,
    27.039273071289063,
    26.73861431795008,
    27.142244338989258,
    26.700844035429114,
    27.139199873980353,
    26.83925942813649,
    27.082740155388326,
    27.051742463953353,
    27.31904703028062,
    27.31927537357106,
    26.942529678344727,
    27.061012694414924,
    27.257208566104666,
    26.715243036606733,
    27.16821024277631,
    26.93470407373765,
    26.488323929730583,
    27.24146816029268,
    26.609073436961456,
    27.17326945136575,
    26.51845157847685,
    27.24393586551442,
    27.093914391012753,
    27.25992826573989,
    26.619710854923024,
    26.427078157312728,
    26.894388513004078,
    27.021887476304,
    26.80803938472972,
    26.288802382525276,
    26.95345972846536,
    26.885226081399356,
    27.097335725672103,
    26.81834167031681
  ],
  "PRD": [
    36.49827230349183,
    35.63051738590002,
    34.677596401423216,
    33.65974731370807,
    34.727069802582264,
    31.60209233313799,
    32.93848254159093,
    31.87034658715129,
    31.311419915407896,
    32.288202438503504,
    33.13573642447591,
    32.30211843177676,
    32.32730454206467,
    31.981547627598047,
    32.77024093270302,
    32.413045700639486,
    30.505444645881653,
    31.03197941184044,
    30.949152041226625,
    30.03934696316719,
    30.350750282406807,
    31.51327818259597,
    31.55835184827447,
    31.009156618267298,
    29.76792998611927,
    30.86468094214797,
    30.636098481714725,
    30.669464390724897,
    30.348313711583614,
    30.782418552786112,
    29.582046769559383,
    31.058154687285423,
    30.52277123555541,
    29.461774792522192,
    30.10278893634677,
    29.906114667654037,
    30.24078769609332,
    30.97814356535673,
    29.9808030128479,
    30.07171181216836,
    29.716262586414814,
    30.48056147620082,
    30.702092818915844,
    30.537126693874598,
    30.034932423382998,
    31.37746314331889,
    30.089931562542915,
    30.886336624622345,
    31.342734202742577,
    30.565385688096285,
    29.548794332891703,
    29.577516984194517,
    30.810146376490593,
    30.525226432830095,
    30.75696450471878,
    28.986510071903467,
    29.752209547907114,
    29.718281846493483,
    29.252990167587996,
    29.130229596048594,
    29.611070558428764,
    30.009286787360907,
    30.922079991549253,
    29.113320004194975,
    30.000488836318254,
    29.273109085857868,
    29.966662991791964,
    29.13747865334153,
    29.928871300071478,
    28.85233160108328,
    29.466279074549675,
    30.874459754675627,
    29.763104069978,
    29.364183133468032,
    30.49123029410839,
    30.522193014621735,
    29.685574118047953,
    29.933522809296846,
    28.761243119835854,
    28.651901565492153,
    29.986550211906433,
    30.372174138203263,
    29.544929210096598,
    30.448914751410484,
    28.45885480567813,
    29.8678089492023,
    29.738761940971017,
    30.213478818535805,
    30.009078536182642,
    28.66954454779625,
    31.335670925676823,
    28.479677129536867,
    28.979027692228556,
    29.651217967271805,
    30.101833697408438,
    29.13095299899578,
    29.53944981843233,
    29.895888846367598,
    29.375033237040043,
    30.392517041414976
  ],