{
  "PRD": 26.05133992433548,
  "PRD_std": 11.10050730167036,
  "WWPRD": 21.721281273290515,
  "WWPRD_std": 9.612591352207126,
  "SNR_out": 12.368389925919473,
  "SNR_out_std": 3.381793434771581,
  "SNR_in": 6.194732543473947,
  "SNR_improvement": 6.173657382445526,
  "val_loss": 21.86621533907377
}