{
  "train_loss": [
    38.13633632659912,
    27.31403915087382,
    25.760483688778347,
    24.816192388534546,
    24.027498139275444,
    23.596752696567112,
    23.364805751376682,
    22.928988801108467,
    22.695340553919475,
    22.502474890814888
  ],
  "val_loss": [
    28.525904875535232,
    25.008451608511116,
    24.349748611450195,
    24.696668184720554,
    23.95620976961576,
    22.5616094149076,
    22.36506594144381,
    21.573140657865086,
    21.479203884418194,
    21.784143154437725
  ],
  "PRD": [
    32.7691902667284,
    29.77349144220352,
    28.415915358811617,
    29.03086929395795,
    28.579679396003485,
    26.777414675801992,
    26.969417668879032,
    25.314592372626066,
    25.88003643974662,
    25.945407710969448
  ],
  "WWPRD": [
    28.8322956264019,
    25.43129112571478,
    24.130067583173513,
    24.696281049400568,
    24.264109790325165,
    22.482610791921616,
    22.519927579909563,
    21.186660956591368,
    21.61085270345211,
    21.63530556112528
  ],
  "SNR_out": [
    10.080749902874231,
    11.023466892540455,
    11.4924471732229,
    11.225027805194259,
    11.43551131337881,
    12.06863858178258,
    12.041433033533394,
    12.553506563417614,
    12.43353055138141,
    12.431371682789177
  ],
  "SNR_in": [
    6.016734458156861,
    5.786083722865442,
    6.287354672109359,
    6.468989851622609,
    6.301781710921205,
    6.110030124480545,
    6.010943095956463,
    6.928019652084913,
    6.171733802329982,
    6.391267635684926
  ],
  "SNR_improvement": [
    4.06401544471737,
    5.237383169675013,
    5.2050925011135405,
    4.756037953571649,
    5.133729602457606,
    5.958608457302034,
    6.030489937576931,
    5.6254869113327,
    6.2617967490514275,
    6.040104047104251
  ]
}