{
  "train_loss": [
    2.5766603028401733,
    0.6218206932457785,
    0.5329863164884349,
    0.2004880244921272,
    0.2179591421270743
  ],
  "val_loss": [
    0.3120462666539585,
    0.2729499340057373,
    0.2597564202897689,
    2.1141030620126164,
    0.34111330228693343
  ],
  "PRD": [
    99.85915285348892,
    100.40066596865654,
    83.28346693515778,
    106.17783033847809,
    136.16278332471848
  ],
  "PRDN": [
    108.56448376178741,
    109.18885838985443,
    90.98170152306557,
    115.95646980404854,
    147.27262464165688
  ],
  "WWPRD": [
    101.42264056875788,
    102.29910525146178,
    87.50292365056991,
    129.50299345389513,
    114.02193478262208
  ],
  "SNR_out": [
    0.022321817839383584,
    -0.024540461944980052,
    1.6618418893376656,
    -0.019966368949098978,
    -2.4859039259245037
  ],
  "SNR_in": [
    6.544220698320714,
    6.110954966337886,
    6.70225357930758,
    5.8023909372859634,
    5.885631900164299
  ],
  "SNR_improvement": [
    -6.521898880481331,
    -6.135495428282866,
    -5.040411689969915,
    -5.822357306235062,
    -8.371535826088802
  ]
}