{
  "PRD": 26.75068188458681,
  "PRD_std": 18.11407075593457,
  "PRDN": 30.464411159977317,
  "PRDN_std": 28.73483833966721,
  "WWPRD": 19.007851603287918,
  "WWPRD_std": 10.572279560444185,
  "WWPRD_deriv": 24.0259184576571,
  "WWPRD_deriv_std": 17.20782666420542,
  "SNR_out": 12.80068419361487,
  "SNR_out_std": 4.665432932231414,
  "SNR_in": 6.019573194433178,
  "SNR_improvement": 6.781110999181692,
  "val_loss": 23.27860419329475
}