{
  "train_loss": [
    52.7005531668663,
    32.27941417296727,
    30.22636206547419,
    29.04139846165975,
    29.42081696987152,
    28.554715490341188,
    27.858984824021658,
    27.653631444772085,
    27.4233083208402,
    27.10276141564051,
    26.820074693361917,
    26.92595955133438,
    26.472111149628958,
    26.104861998558043,
    26.302478742599487,
    25.816183602809907,
    25.58119302590688,
    25.534566112359364,
    25.49490163723628,
    25.220549817879995,
    25.090896435578664,
    25.105058030287424,
    24.852501706282297,
    24.70309137503306,
    24.496723051865896,
    24.6799174507459,
    24.432502909501395,
    24.46346792380015,
    23.958319727579752,
    24.100713642438254,
    23.909896369775137,
    23.766700740655264,
    23.551560775438944,
    23.459279203414916,
    23.379204646746317,
    23.34799092213313,
    23.24878982702891,
    23.360304617881773,
    23.02722752491633,
    22.967484764258067,
    22.933665323257447,
    22.834347542126974,
    22.772309156258903,
    22.745681019624076,
    22.660067745049794,
    22.50696537892024,
    22.279344511032104,
    22.38414260149002,
    22.55959770679474,
    22.505695740381878
  ],
  "val_loss": [
    34.175567223044006,
    30.21239574656767,
    29.50343506756951,
    29.808284916597255,
    28.125862211339616,
    27.25505801930147,
    27.24762701146743,
    27.690750840130974,
    28.263255108104033,
    26.162222334917853,
    26.707766544117646,
    27.254772051642924,
    26.68210592830882,
    26.58454989264993,
    26.137177456126494,
    25.182772849587835,
    27.41162286646226,
    28.33172223708209,
    25.9691426894244,
    25.021165443869197,
    26.726366469439338,
    26.334983758365407,
    24.68302437277401,
    26.74786468954647,
    24.585931822832894,
    25.60972245160271,
    24.568690737556008,
    24.13479948604808,
    24.242419097002816,
    23.895091965619255,
    24.127999070111443,
    27.213877554500804,
    24.228001560884362,
    23.93785088483025,
    23.784451854930204,
    23.459624369004192,
    23.55201270159553,
    23.171058183557847,
    23.627154002470128,
    23.702350616455078,
    23.47347268497243,
    23.114623215619254,
    23.317350365133848,
    22.996617642570943,
    23.369669140086454,
    22.65379784527947,
    22.705835791195142,
    22.744336004818187,
    27.49799903420841,
    23.138108455433564
  ],
  "PRD": [
    36.17460613697767,
    32.52685892209411,
    31.411520045250654,
    32.72379392012954,
    30.87133828178048,
    29.47779992967844,
    29.431158434599638,
    29.61142772063613,
    30.69124387577176,
    28.71833787858486,
    29.34043063223362,
    29.102466963231564,
    29.815930254757404,
    29.827805399894714,
    29.53099575638771,
    28.66746948286891,
    30.394610844552517,
    31.408587880432606,
    28.947428543120623,
    27.184086242690682,
    28.712473198771477,
    28.633014695718884,
    27.402324011549354,
    29.446537697687745,
    26.556719340384007,
    29.796380292624235,
    26.68634221702814,
    29.197938710451126,
    26.572520446032286,
    26.760606119409204,
    26.506431680172682,
    29.314887143671513,
    27.536910369992256,
    25.671365704387426,
    26.10028613731265,
    25.71123586036265,
    25.397601760923862,
    25.697371097281575,
    25.683327928185463,
    25.900837121531367,
    26.025609889999032,
    26.32038222812116,
    26.98031894862652,
    25.436422927305102,
    25.744057212024927,
    25.3530730959028,
    24.73900386504829,
    24.641061827540398,
    30.307209610939026,
    25.07999604009092
  ],
  "PRDN": [
    41.20242912322283,
    37.38428194448352,
    36.1723259948194,
    37.611044108867645,
    35.189220782369375,
    33.659122973680496,
    33.547263871878386,
    34.11447359621525,
    34.711771320551634,
    33.1256810836494,
    33.70521665364504,
    33.20402185432613,
    34.7449955791235,
    34.267994832247496,
    33.41385634616017,
    33.36648019962013,
    36.238897854462266,
    35.522887136787176,
    32.58090651035309,
    31.20642587170005,
    32.14742811769247,
    32.62517409212887,
    31.499653182923794,
    33.6457426790148,
    30.338699532672763,
    34.714673755690455,
    30.28076260536909,
    33.81597995199263,
    30.403058735653758,
    30.355207743123174,
    30.497276846319437,
    33.1149344407022,
    31.62966762110591,
    29.53567725419998,
    30.09571505151689,
    28.931707251816988,
    29.311888486146927,
    28.91354763880372,
    29.271698964759707,
    30.12277292460203,
    30.599745202809572,
    30.18741311132908,
    31.14896153472364,
    28.421446446329355,
    30.071836171671748,
    28.760507764294744,
    28.020111966878176,
    28.345235109329224,
    34.51420931145549,
    28.57904595322907
  ],
  "WWPRD": [
    34.04417178950405,
    28.214514134868047,
    28.51844848629807,
    27.41615657839316,
    24.659108726437985,
    24.72411595593067,
    24.60062177560971,
    23.052877637393888,
    25.29768567722155,
    22.53698444668543,
    22.812607231039042,
    24.111835113332525,
    23.219974966716222,
    26.363884775884657,
    22.324357012893344,
    22.233589451461434,
    25.445874326831984,
    22.89355683380896,
    21.768013186382134,
    21.478553699754524,
    23.84339880159176,
    23.5647186156277,
    21.02386976706287,
    23.500952711122356,
    21.22568901729545,
    22.954917444469395,
    21.578734362630485,
    20.102283484088254,
    21.384098919702414,
    20.279731734397988,
    20.141125033227873,
    22.3620707028128,
    19.764371185145393,
    20.68682968550447,
    20.399946458952588,
    19.06705124357514,
    19.715868792426242,
    19.037384488446953,
    20.081304132855788,
    19.231836629463302,
    19.405794729542926,
    18.621385163894566,
    18.827195084209635,
    18.896062450520976,
    18.828437714442472,
    19.126380548135856,
    18.499386537988038,
    18.592509567689433,
    23.427496898887185,
    18.768131070215183
  ],
  "SNR_out": [
    9.619697407004423,
    10.73270888265688,
    11.080183574813418,
    10.641858813818544,
    11.037006369791925,
    11.640842519700527,
    11.751123469801769,
    11.554182965192012,
    11.337011304451153,
    11.815264889970422,
    11.580614371807314,
    11.678713434841484,
    11.551865171641111,
    11.800697676371783,
    11.725575347431004,
    11.991774994297884,
    12.021602969442029,
    11.314818002574611,
    11.87382365949452,
    12.318233918398619,
    11.9495530933782,
    12.208084137993865,
    12.542016060790047,
    12.0356730427593,
    12.538826936390251,
    12.193155693588778,
    12.664039659313858,
    12.36142454930814,
    12.58085502544418,
    12.60556841804646,
    12.609243591781706,
    11.40666235378012,
    12.58091016416438,
    12.949305074289441,
    12.903733308427036,
    12.843966380693018,
    13.158639154047705,
    12.985628050751984,
    12.952700393507257,
    12.985751556931064,
    13.063722683116794,
    12.890098386924365,
    12.762749935500324,
    13.056188207585365,
    13.083422380615957,
    13.04856713861227,
    13.239518689224496,
    13.27577992004808,
    11.06652457988821,
    13.248894937911246
  ],